CreditScore,Age,Tenure,Balance,NumOfProducts,HasCrCard,IsActiveMember,EstimatedSalary,Geography_Germany,Geography_Spain,Gender_Male,Actual_Churn,Predicted_Churn,Churn_Probability,Risk_Level,Churn_Probability_Percent,Actual_Churn_Label,Predicted_Churn_Label
585,36,7,0.0,2,1,0,94283.09,0,0,1,0,0,0.31742422246613733,Low Risk,31.74,Stayed,Stayed
525,33,4,131023.76,2,0,0,55072.93,1,0,1,0,1,0.5767465184607246,Medium Risk,57.67,Stayed,Churned
557,40,4,0.0,2,0,1,105433.53,0,1,0,0,0,0.34983406012583557,Low Risk,34.98,Stayed,Stayed
639,34,5,139393.19,2,0,0,33950.08,0,1,1,0,0,0.3802062988893761,Low Risk,38.02,Stayed,Stayed
640,34,3,77826.8,1,1,1,168544.85,0,1,0,0,0,0.30145538621941337,Low Risk,30.15,Stayed,Stayed
559,34,0,0.0,1,1,0,182988.94,0,1,1,0,0,0.350623937880111,Low Risk,35.06,Stayed,Stayed
595,30,9,130682.11,2,1,1,57862.88,1,0,1,0,0,0.27526140405742167,Low Risk,27.53,Stayed,Stayed
706,29,6,185544.36,1,1,0,171037.63,1,0,0,0,1,0.6594855116239018,High Risk,65.95,Stayed,Churned
505,49,7,80001.23,1,0,0,135180.11,0,0,1,0,1,0.6742343664214169,High Risk,67.42,Stayed,Churned
714,40,0,0.0,2,1,0,62762.12,0,0,0,0,0,0.49684521999300413,Medium Risk,49.68,Stayed,Stayed
699,54,3,111009.32,1,1,1,155905.79,1,0,0,1,1,0.8149416122309271,High Risk,81.49,Churned,Churned
625,38,7,0.0,1,1,0,164804.02,0,0,0,0,1,0.5147266378280545,Medium Risk,51.47,Stayed,Churned
721,35,10,0.0,2,1,0,71594.26,0,0,1,0,0,0.2681621949916051,Low Risk,26.82,Stayed,Stayed
727,31,10,96997.09,2,0,0,76614.04,0,1,0,0,0,0.4099420303572167,Medium Risk,40.99,Stayed,Stayed
670,38,10,89416.99,1,0,0,144275.39,0,0,1,0,0,0.4392211365678408,Medium Risk,43.92,Stayed,Stayed
702,30,2,0.0,2,1,1,145537.32,0,1,1,0,0,0.11100693620884441,Low Risk,11.1,Stayed,Stayed
633,42,1,0.0,2,1,0,56865.62,0,0,0,0,1,0.5501066437743191,Medium Risk,55.01,Stayed,Churned
491,61,8,0.0,2,0,1,139861.53,0,1,0,0,1,0.7395926750313784,High Risk,73.96,Stayed,Churned
617,58,3,119024.75,2,1,0,35199.24,1,0,0,1,1,0.9284697213118328,High Risk,92.85,Churned,Churned
572,35,1,139979.07,1,1,0,185662.84,1,0,0,0,1,0.7605654663144387,High Risk,76.06,Stayed,Churned
551,52,1,0.0,1,0,0,63584.55,0,0,1,1,1,0.6603141671550956,High Risk,66.03,Churned,Churned
471,26,8,0.0,2,1,1,179655.87,0,1,1,0,0,0.10103114381797357,Low Risk,10.1,Stayed,Stayed
466,26,3,156815.71,1,1,1,137476.09,0,0,1,0,0,0.1545097226298241,Low Risk,15.45,Stayed,Stayed
588,44,8,154409.74,1,1,0,49324.03,0,0,1,1,1,0.581723437276835,Medium Risk,58.17,Churned,Churned
778,34,7,109564.1,1,0,1,113046.81,0,0,0,0,0,0.2817142845909029,Low Risk,28.17,Stayed,Stayed
729,34,3,152303.8,1,1,0,12128.69,0,0,1,0,0,0.3623181377303353,Low Risk,36.23,Stayed,Stayed
776,43,4,0.0,2,0,1,162137.5,0,0,0,0,0,0.3556825140080882,Low Risk,35.57,Stayed,Stayed
664,35,1,115024.5,1,0,1,169665.79,0,1,1,0,0,0.2415417605552687,Low Risk,24.15,Stayed,Stayed
523,36,8,158351.02,2,1,0,155304.53,0,0,1,0,0,0.4462747630851698,Medium Risk,44.63,Stayed,Stayed
733,39,5,91538.51,1,1,1,93783.0,1,0,1,0,0,0.41084476720769086,Medium Risk,41.08,Stayed,Stayed
693,30,6,127992.25,1,1,1,50457.2,0,0,0,0,0,0.22613819105362876,Low Risk,22.61,Stayed,Stayed
614,46,4,0.0,1,1,0,74379.57,0,0,1,1,1,0.5177990098755603,Medium Risk,51.78,Churned,Churned
775,45,8,0.0,1,1,0,130376.68,0,0,1,0,0,0.46833169699571564,Medium Risk,46.83,Stayed,Stayed
633,43,5,0.0,2,1,1,48249.88,0,0,1,0,0,0.23353113296526054,Low Risk,23.35,Stayed,Stayed
676,43,2,0.0,1,1,1,55119.53,0,0,0,0,0,0.36457738813919266,Low Risk,36.46,Stayed,Stayed
768,26,5,51116.26,1,1,1,70454.79,0,0,0,1,0,0.1424154461427708,Low Risk,14.24,Churned,Stayed
727,29,1,146652.01,1,1,1,173486.39,0,0,0,0,0,0.24166523978967422,Low Risk,24.17,Stayed,Stayed
629,40,6,0.0,2,1,1,139356.3,0,0,0,0,0,0.3115781863257283,Low Risk,31.16,Stayed,Stayed
702,43,6,116121.67,1,1,0,61602.42,0,1,1,0,1,0.5304627821589285,Medium Risk,53.05,Stayed,Churned
796,52,9,167194.36,1,1,1,62808.93,1,0,0,1,1,0.7824650471076013,High Risk,78.25,Churned,Churned
530,41,4,0.0,2,0,1,147606.71,0,1,0,0,0,0.38175935908825664,Low Risk,38.18,Stayed,Stayed
510,32,1,0.0,2,0,1,28515.17,0,0,0,0,0,0.21578261000827276,Low Risk,21.58,Stayed,Stayed
709,44,9,128601.98,1,1,0,117031.2,0,0,1,0,1,0.5500942610564349,Medium Risk,55.01,Stayed,Churned
642,40,6,129502.49,2,0,1,86099.23,1,0,0,1,1,0.6008104739099237,High Risk,60.08,Churned,Churned
655,30,1,83173.98,2,1,1,184259.6,1,0,0,0,0,0.39031738680485273,Low Risk,39.03,Stayed,Stayed
464,33,10,147493.7,2,1,0,100447.53,0,0,0,0,1,0.5159677594356581,Medium Risk,51.6,Stayed,Churned
617,61,3,113858.95,1,1,1,38129.22,0,1,1,0,1,0.6630869353877981,High Risk,66.31,Stayed,Churned
655,46,7,137145.12,1,1,0,115146.4,1,0,0,1,1,0.8593351037309807,High Risk,85.93,Churned,Churned
709,26,6,156551.63,1,0,1,4410.77,0,0,1,0,0,0.12060446327123936,Low Risk,12.06,Stayed,Stayed
642,48,9,118317.27,4,0,0,78702.98,0,0,1,1,1,0.5683803074245273,Medium Risk,56.84,Churned,Churned
741,42,9,121056.63,2,1,0,39122.58,0,1,0,0,1,0.6065704612670842,High Risk,60.66,Stayed,Churned
415,53,5,167259.44,1,1,1,22357.25,0,1,1,0,1,0.5923262868569461,Medium Risk,59.23,Stayed,Churned
684,30,2,0.0,2,1,0,83473.82,0,0,1,0,0,0.21601875650649802,Low Risk,21.6,Stayed,Stayed
706,29,2,0.0,2,1,1,18255.51,0,1,1,0,0,0.09343437943435766,Low Risk,9.34,Stayed,Stayed
634,45,2,0.0,1,1,1,143458.31,0,0,0,0,0,0.4286172176428596,Medium Risk,42.86,Stayed,Stayed
813,29,6,0.0,1,1,0,33953.87,0,0,1,0,0,0.18970558246508262,Low Risk,18.97,Stayed,Stayed
775,70,6,119684.88,2,1,1,74532.02,1,0,1,0,1,0.8721279480945244,High Risk,87.21,Stayed,Churned
445,31,7,145056.59,1,1,1,175893.53,0,0,1,0,0,0.2099613554623747,Low Risk,21.0,Stayed,Stayed
701,37,8,107798.85,1,1,0,16966.73,0,0,1,0,0,0.3857240756825387,Low Risk,38.57,Stayed,Stayed
752,33,4,0.0,2,1,1,39570.78,0,0,1,0,0,0.1131713212971845,Low Risk,11.32,Stayed,Stayed
723,21,4,0.0,2,0,0,24847.02,0,0,1,0,0,0.11869129806742376,Low Risk,11.87,Stayed,Stayed
806,34,6,0.0,2,0,0,100809.99,0,0,1,0,0,0.2620198956780913,Low Risk,26.2,Stayed,Stayed
625,49,6,173434.9,1,1,0,165580.93,0,0,1,1,1,0.6998243199048992,High Risk,69.98,Churned,Churned
712,44,2,0.0,2,0,0,45738.94,0,1,0,0,1,0.5964820634124709,Medium Risk,59.65,Stayed,Churned
571,22,3,108117.1,1,0,1,53328.7,0,1,0,0,0,0.16263360400975346,Low Risk,16.26,Stayed,Stayed
639,37,4,116121.84,2,0,1,181850.74,0,0,0,0,0,0.3583104082704988,Low Risk,35.83,Stayed,Stayed
627,44,5,0.0,2,1,0,82969.61,0,0,0,1,1,0.5880384867590754,Medium Risk,58.8,Churned,Churned
630,32,4,82034.0,1,0,0,146326.45,0,1,1,0,0,0.35663703272543906,Low Risk,35.66,Stayed,Stayed
578,23,8,0.0,2,1,0,112124.98,0,1,1,0,0,0.15642243715200846,Low Risk,15.64,Stayed,Stayed
679,39,6,0.0,2,1,0,12266.06,0,1,1,0,0,0.3469946754431265,Low Risk,34.7,Stayed,Stayed
767,35,6,115576.44,1,0,1,27922.45,0,0,0,0,0,0.2887639462193985,Low Risk,28.88,Stayed,Stayed
762,35,3,119349.69,3,1,1,47114.18,0,1,0,1,0,0.25682070020918574,Low Risk,25.68,Churned,Stayed
734,39,6,0.0,1,1,1,95135.27,0,1,1,0,0,0.19862749426975262,Low Risk,19.86,Stayed,Stayed
659,67,6,117411.6,1,1,1,45071.09,1,0,1,1,1,0.865632025808215,High Risk,86.56,Churned,Churned
575,49,7,121205.15,4,1,1,168080.53,1,0,1,1,1,0.5944071090216719,Medium Risk,59.44,Churned,Churned
580,35,1,102097.33,1,0,1,168285.85,0,0,0,0,0,0.3510082956068638,Low Risk,35.1,Stayed,Stayed
766,41,0,0.0,2,0,1,34283.23,0,1,1,0,0,0.21153958410745832,Low Risk,21.15,Stayed,Stayed
850,38,3,54901.01,1,1,1,140075.55,1,0,1,0,0,0.35623127484320416,Low Risk,35.62,Stayed,Stayed
749,42,1,129776.72,2,0,1,143538.51,0,0,1,0,0,0.3049896728640854,Low Risk,30.5,Stayed,Stayed
746,48,5,165282.42,1,1,0,153786.46,0,0,1,1,1,0.6534547233110238,High Risk,65.35,Churned,Churned
718,37,8,0.0,2,1,1,142.81,0,0,1,0,0,0.1437975359825391,Low Risk,14.38,Stayed,Stayed
642,26,8,144238.7,1,1,1,184399.76,0,1,1,0,0,0.13827338663451771,Low Risk,13.83,Stayed,Stayed
558,33,0,108477.49,1,1,1,109096.71,0,0,1,1,0,0.1992090708130394,Low Risk,19.92,Churned,Stayed
531,64,2,175754.87,2,1,1,60721.4,1,0,0,0,1,0.9169664768456901,High Risk,91.7,Stayed,Churned
748,41,2,91621.69,1,1,1,71139.31,0,0,0,0,0,0.3774791548346416,Low Risk,37.75,Stayed,Stayed
664,36,1,0.0,2,1,1,95372.64,0,0,1,0,0,0.15680677459395564,Low Risk,15.68,Stayed,Stayed
511,75,9,105609.17,1,0,1,105425.18,1,0,0,0,1,0.9616776698851196,High Risk,96.17,Stayed,Churned
635,47,2,125724.95,2,1,0,63236.97,0,0,0,0,1,0.7178847639683166,High Risk,71.79,Stayed,Churned
571,34,1,99325.04,2,0,1,186052.15,0,0,1,0,0,0.21065210875133486,Low Risk,21.07,Stayed,Stayed
698,57,6,136325.48,2,1,1,72549.27,0,0,1,1,1,0.5545087746016785,Medium Risk,55.45,Churned,Churned
636,76,9,126534.6,1,1,1,39789.62,0,1,1,0,1,0.8582528041925133,High Risk,85.83,Stayed,Churned
538,33,5,0.0,2,1,0,126962.41,0,0,0,0,0,0.4102122847003117,Medium Risk,41.02,Stayed,Stayed
738,67,1,130652.52,1,0,1,22762.23,0,0,0,0,1,0.8365800340958037,High Risk,83.66,Stayed,Churned
662,20,9,104508.77,2,0,0,73107.53,0,1,1,0,0,0.15897746741179436,Low Risk,15.9,Stayed,Stayed
555,44,3,105770.7,3,1,0,60533.96,0,0,0,1,1,0.6486666792368205,High Risk,64.87,Churned,Churned
531,27,8,132576.25,1,0,0,7222.92,0,1,1,0,0,0.2916160910634526,Low Risk,29.16,Stayed,Stayed
593,32,9,134096.53,2,1,0,53931.05,1,0,0,1,1,0.651220477263991,High Risk,65.12,Churned,Churned
579,28,6,150329.15,1,1,0,145558.42,1,0,1,0,1,0.5076675369046942,Medium Risk,50.77,Stayed,Churned
706,32,6,94486.47,1,1,1,146949.74,0,0,1,0,0,0.16164427589779537,Low Risk,16.16,Stayed,Stayed
754,28,8,0.0,2,1,1,52615.62,0,0,1,0,0,0.07900349720306334,Low Risk,7.9,Stayed,Stayed
653,31,9,143321.97,1,1,0,83679.46,1,0,1,0,1,0.5246521141371194,Medium Risk,52.47,Stayed,Churned
558,26,1,148853.29,2,1,1,24411.02,1,0,1,0,0,0.23764552516304333,Low Risk,23.76,Stayed,Stayed
589,39,7,0.0,2,0,0,95985.64,0,0,0,0,1,0.519309523088541,Medium Risk,51.93,Stayed,Churned
670,65,1,0.0,1,1,1,177655.68,0,1,0,1,1,0.7850934263474469,High Risk,78.51,Churned,Churned
714,35,6,126077.43,2,1,1,53954.24,1,0,0,0,0,0.46392595014697846,Medium Risk,46.39,Stayed,Stayed
547,51,1,0.0,2,1,1,56908.41,0,0,0,0,1,0.5197550497716616,Medium Risk,51.98,Stayed,Churned
761,37,7,132730.17,1,1,0,199293.01,0,1,1,0,0,0.44357958910938955,Medium Risk,44.36,Stayed,Stayed
591,24,6,147360.0,1,1,1,25310.82,0,0,1,0,0,0.10815334037500937,Low Risk,10.82,Stayed,Stayed
714,31,4,125169.26,1,1,1,106636.89,0,0,0,0,0,0.24629288047970693,Low Risk,24.63,Stayed,Stayed
629,35,7,156847.29,2,1,0,31824.29,1,0,1,0,1,0.5820716211087497,Medium Risk,58.21,Stayed,Churned
643,36,7,161064.64,2,0,1,84294.82,0,0,1,0,0,0.23360849460054678,Low Risk,23.36,Stayed,Stayed
445,38,6,119413.62,2,1,0,175756.36,1,0,0,0,1,0.7858966967288484,High Risk,78.59,Stayed,Churned
501,34,3,107747.57,1,1,0,9249.36,0,0,0,0,1,0.514744485214914,Medium Risk,51.47,Stayed,Churned
686,43,5,154846.24,2,1,1,151903.6,1,0,0,0,1,0.6601778094381496,High Risk,66.02,Stayed,Churned
500,30,2,125495.64,2,1,1,68807.47,1,0,1,0,0,0.30113709174359415,Low Risk,30.11,Stayed,Stayed
703,39,1,141559.5,1,1,1,31257.1,1,0,1,1,0,0.44488146304142323,Medium Risk,44.49,Churned,Stayed
730,34,5,122453.37,2,1,0,138882.98,0,0,1,0,0,0.3427578865037348,Low Risk,34.28,Stayed,Stayed
433,27,2,0.0,2,1,1,153698.65,0,1,1,0,0,0.11312355521023892,Low Risk,11.31,Stayed,Stayed
521,41,8,120586.54,1,0,1,20491.15,1,0,1,0,1,0.5126358648229371,Medium Risk,51.26,Stayed,Churned
791,33,10,130229.71,2,0,0,54019.93,1,0,0,1,1,0.6397426673770997,High Risk,63.97,Churned,Churned
757,38,0,0.0,1,1,0,83263.06,0,0,1,0,0,0.34674955742728913,Low Risk,34.67,Stayed,Stayed
447,44,5,89188.83,1,1,1,75408.24,0,0,0,0,0,0.4942887201339671,Medium Risk,49.43,Stayed,Stayed
792,30,1,127187.86,1,1,1,113553.42,0,0,1,0,0,0.144225610773994,Low Risk,14.42,Stayed,Stayed
817,59,1,118962.58,1,1,1,120819.58,0,0,1,0,1,0.596096572762647,Medium Risk,59.61,Stayed,Churned
607,33,8,91301.72,1,0,1,130824.57,0,0,0,0,0,0.288992169383229,Low Risk,28.9,Stayed,Stayed
601,41,1,123971.16,1,0,1,172814.99,0,0,1,0,0,0.34126090116492624,Low Risk,34.13,Stayed,Stayed
536,32,7,178011.5,2,1,0,22375.14,0,0,1,0,0,0.3572531847509101,Low Risk,35.73,Stayed,Stayed
554,36,3,157780.93,2,1,0,6089.13,1,0,0,0,1,0.7365245609009436,High Risk,73.65,Stayed,Churned
577,60,10,125389.7,2,1,1,178616.73,0,0,1,0,1,0.644088789227917,High Risk,64.41,Stayed,Churned
608,41,5,0.0,2,1,1,72462.25,0,0,0,0,0,0.320809156923299,Low Risk,32.08,Stayed,Stayed
732,33,8,0.0,1,1,0,119882.7,0,1,1,0,0,0.27765766419862614,Low Risk,27.77,Stayed,Stayed
789,53,1,158271.74,1,1,1,5036.39,0,0,0,1,1,0.6255597074969932,High Risk,62.56,Churned,Churned
552,34,5,0.0,2,1,1,1351.41,0,0,0,0,0,0.21493273829884468,Low Risk,21.49,Stayed,Stayed
621,40,10,163823.37,1,0,0,89519.47,0,0,1,0,1,0.5284460552866629,Medium Risk,52.84,Stayed,Churned
766,52,7,92510.9,2,0,1,66193.61,0,0,0,0,1,0.564009206133492,Medium Risk,56.4,Stayed,Churned
685,43,4,97392.18,2,1,0,43956.83,0,1,1,0,0,0.4956763200039613,Medium Risk,49.57,Stayed,Stayed
649,38,8,0.0,1,1,0,103760.53,0,1,0,0,1,0.5080873259660011,Medium Risk,50.81,Stayed,Churned
493,36,2,0.0,2,0,1,99770.3,0,0,0,0,0,0.28616209683741956,Low Risk,28.62,Stayed,Stayed
633,35,10,0.0,2,1,0,65675.47,0,0,1,0,0,0.2829632348664598,Low Risk,28.3,Stayed,Stayed
742,33,1,137937.95,1,1,1,51387.1,1,0,1,0,0,0.33045862763228834,Low Risk,33.05,Stayed,Stayed
604,41,10,0.0,2,1,1,166224.39,0,1,0,0,0,0.34501778380536935,Low Risk,34.5,Stayed,Stayed
759,42,4,105420.18,1,0,1,121409.06,0,0,1,0,0,0.30129741117793,Low Risk,30.13,Stayed,Stayed
683,35,6,187530.66,2,1,1,37976.36,0,0,0,0,0,0.3137579028857493,Low Risk,31.38,Stayed,Stayed
678,28,2,109137.12,1,1,1,58814.41,0,0,1,0,0,0.1261089731902614,Low Risk,12.61,Stayed,Stayed
628,31,0,88421.81,1,0,0,72350.47,0,0,1,0,0,0.32281763192368057,Low Risk,32.28,Stayed,Stayed
850,36,6,0.0,2,1,1,190194.95,0,0,0,0,0,0.222351499295255,Low Risk,22.24,Stayed,Stayed
724,34,2,0.0,2,1,1,118863.38,0,0,0,0,0,0.20956319969665482,Low Risk,20.96,Stayed,Stayed
828,31,9,0.0,1,0,1,164257.37,0,0,1,0,0,0.11573009882429634,Low Risk,11.57,Stayed,Stayed
569,30,3,139528.23,1,1,1,33230.37,0,1,0,0,0,0.26382426293455996,Low Risk,26.38,Stayed,Stayed
677,49,3,0.0,2,1,1,187811.71,0,0,0,0,0,0.4779538675046156,Medium Risk,47.8,Stayed,Stayed
495,38,2,63093.01,1,1,1,47089.72,0,0,0,0,0,0.3538226554354679,Low Risk,35.38,Stayed,Stayed
627,33,4,83199.05,1,0,0,159334.93,1,0,0,0,1,0.694345101808552,High Risk,69.43,Stayed,Churned
597,36,9,0.0,2,1,1,7156.09,0,0,0,0,0,0.23066439748477044,Low Risk,23.07,Stayed,Stayed
762,31,7,117687.35,1,1,1,159344.43,0,0,1,0,0,0.15409176275542102,Low Risk,15.41,Stayed,Stayed
476,69,1,105303.73,1,0,1,134260.34,0,1,0,0,1,0.8912640146307848,High Risk,89.13,Stayed,Churned
499,35,10,0.0,2,1,0,10722.54,0,0,1,0,0,0.2978917505003153,Low Risk,29.79,Stayed,Stayed
642,62,7,0.0,2,1,1,61120.75,0,0,1,0,1,0.5619675354674364,Medium Risk,56.2,Stayed,Churned
562,62,3,0.0,2,1,0,105986.01,0,0,1,0,1,0.7811006425421674,High Risk,78.11,Stayed,Churned
542,25,7,0.0,2,0,1,82393.08,0,0,0,0,0,0.13656943891470838,Low Risk,13.66,Stayed,Stayed
451,31,7,140931.82,1,0,1,20388.77,0,0,0,0,0,0.2967740325432055,Low Risk,29.68,Stayed,Stayed
712,37,1,106881.5,2,0,0,169386.81,0,0,0,0,1,0.5545742098854918,Medium Risk,55.46,Stayed,Churned
565,34,6,0.0,1,1,1,63173.64,0,0,1,0,0,0.15357045498283853,Low Risk,15.36,Stayed,Stayed
732,36,9,0.0,1,0,0,3749.0,0,0,0,1,0,0.43162105815767965,Medium Risk,43.16,Churned,Stayed
771,51,5,135506.58,3,1,1,152479.64,0,1,1,1,0,0.43209315419806865,Medium Risk,43.21,Churned,Stayed
655,41,5,0.0,1,0,0,36548.0,0,0,0,1,1,0.5572485972023971,Medium Risk,55.72,Churned,Churned
683,38,3,126152.84,1,0,0,15378.75,0,1,1,0,0,0.45881877320305353,Medium Risk,45.88,Stayed,Stayed
764,38,4,113607.47,1,1,0,91094.46,0,1,1,0,0,0.4297362133660477,Medium Risk,42.97,Stayed,Stayed
438,60,7,78391.17,1,0,1,49424.6,0,0,1,0,1,0.6593640388167382,High Risk,65.94,Stayed,Churned
762,35,9,122929.42,2,0,0,149822.04,0,1,1,0,0,0.37899573965678823,Low Risk,37.9,Stayed,Stayed
622,39,9,0.0,2,0,1,100862.36,0,1,1,0,0,0.20783721945220665,Low Risk,20.78,Stayed,Stayed
660,33,1,0.0,2,0,0,117834.91,0,1,0,0,0,0.4181829102713189,Medium Risk,41.82,Stayed,Stayed
498,30,1,0.0,2,0,0,135795.53,0,0,0,0,0,0.38884045234711434,Low Risk,38.88,Stayed,Stayed
591,29,6,0.0,2,1,1,108684.65,0,0,1,0,0,0.10244241336601184,Low Risk,10.24,Stayed,Stayed
554,37,4,58629.97,1,0,0,182038.6,1,0,0,0,1,0.7580023950234547,High Risk,75.8,Stayed,Churned
506,34,4,90307.62,1,1,1,159235.29,0,0,0,0,0,0.3198726448703891,Low Risk,31.99,Stayed,Stayed
505,25,5,114268.85,2,1,1,126728.27,1,0,0,0,0,0.336139612775356,Low Risk,33.61,Stayed,Stayed
633,30,6,0.0,2,0,0,41642.29,0,0,0,0,0,0.3341679702201043,Low Risk,33.42,Stayed,Stayed
636,24,9,0.0,2,0,1,38830.72,0,0,0,0,0,0.11340554625967426,Low Risk,11.34,Stayed,Stayed
768,36,5,180169.44,2,1,0,17348.56,0,0,0,0,1,0.517425484171947,Medium Risk,51.74,Stayed,Churned
712,43,1,141749.74,2,0,1,90905.26,1,0,1,0,1,0.5246377577700919,Medium Risk,52.46,Stayed,Churned
593,74,5,161434.36,2,1,1,65532.17,1,0,1,0,1,0.9245007361117534,High Risk,92.45,Stayed,Churned
708,38,8,99640.89,1,1,0,12429.22,0,1,1,0,0,0.40923723377130744,Medium Risk,40.92,Stayed,Stayed
529,43,0,123815.86,1,1,1,78463.99,0,0,0,1,0,0.48997634965857223,Medium Risk,49.0,Churned,Stayed
579,42,0,144386.32,1,1,1,22497.1,1,0,1,1,1,0.5313997646716722,Medium Risk,53.14,Churned,Churned
815,24,7,171922.72,1,0,1,178028.96,0,0,1,0,0,0.11457040276269236,Low Risk,11.46,Stayed,Stayed
606,40,1,144757.97,2,1,1,166656.18,1,0,1,0,0,0.49283470395804146,Medium Risk,49.28,Stayed,Stayed
608,63,3,139529.93,2,1,1,175696.16,0,1,0,1,1,0.8143933518127481,High Risk,81.44,Churned,Churned
648,40,5,139973.65,1,1,1,667.66,1,0,0,1,1,0.5972197250305882,Medium Risk,59.72,Churned,Churned
482,35,5,147813.05,2,0,0,109029.72,0,0,0,0,1,0.5770214802781926,Medium Risk,57.7,Stayed,Churned
625,45,7,137555.44,1,0,0,124607.7,0,0,1,0,1,0.6147927629673355,High Risk,61.48,Stayed,Churned
610,27,2,0.0,2,1,0,14546.76,0,0,0,0,0,0.27595291309705855,Low Risk,27.6,Stayed,Stayed
548,29,5,83442.98,1,0,1,177017.39,0,0,1,0,0,0.1596720567951949,Low Risk,15.97,Stayed,Stayed
850,32,5,106290.64,1,1,0,121982.73,0,0,0,0,0,0.4192268335716137,Medium Risk,41.92,Stayed,Stayed
580,55,6,104305.74,1,0,1,175750.21,0,0,1,0,1,0.5847674904035957,Medium Risk,58.48,Stayed,Churned
652,27,10,107303.72,2,0,0,44435.76,0,0,1,0,0,0.23097742743612382,Low Risk,23.1,Stayed,Stayed
687,29,7,93617.07,1,0,1,113050.92,0,1,0,0,0,0.22715736132975067,Low Risk,22.72,Stayed,Stayed
539,30,0,0.0,2,1,0,160979.66,0,0,1,0,0,0.25408109850060684,Low Risk,25.41,Stayed,Stayed
470,39,5,117469.91,2,0,0,63705.9,1,0,1,0,1,0.685460644495921,High Risk,68.55,Stayed,Churned
514,41,7,0.0,2,1,1,3756.65,0,0,0,0,0,0.323267229212386,Low Risk,32.33,Stayed,Stayed
534,24,1,0.0,1,1,1,169653.32,0,0,1,0,0,0.08993721250825765,Low Risk,8.99,Stayed,Stayed
661,37,7,109908.06,2,1,0,115037.67,1,0,1,1,1,0.597644435670471,Medium Risk,59.76,Churned,Churned
464,37,4,155994.15,1,0,0,143665.44,1,0,1,0,1,0.7144105834541673,High Risk,71.44,Stayed,Churned
627,25,4,0.0,1,1,1,194313.93,0,1,0,0,0,0.15217679913416507,Low Risk,15.22,Stayed,Stayed
781,35,7,92526.15,2,1,1,173837.54,1,0,1,0,0,0.32138079018904575,Low Risk,32.14,Stayed,Stayed
555,41,10,113270.2,2,1,1,185387.14,1,0,1,0,0,0.49066959306534735,Medium Risk,49.07,Stayed,Stayed
619,23,5,132725.1,1,1,1,143913.33,1,0,1,0,0,0.2114554194843338,Low Risk,21.15,Stayed,Stayed
775,38,6,179886.41,2,0,0,153122.58,1,0,0,0,1,0.7725851232988663,High Risk,77.26,Stayed,Churned
671,44,0,84745.03,2,0,1,34673.98,1,0,0,0,1,0.635259086981258,High Risk,63.53,Stayed,Churned
735,36,5,0.0,2,1,0,105152.17,0,1,1,0,0,0.30512712105380885,Low Risk,30.51,Stayed,Stayed
724,30,9,142475.87,1,1,1,107848.24,0,0,0,0,0,0.23392212718981278,Low Risk,23.39,Stayed,Stayed
662,39,5,139562.05,2,1,0,61636.22,0,0,0,0,1,0.5789166161523087,Medium Risk,57.89,Stayed,Churned
657,37,6,95845.6,1,1,0,122218.23,0,0,0,0,1,0.5481659696326519,Medium Risk,54.82,Stayed,Churned
809,33,9,0.0,1,1,1,124045.65,0,1,1,0,0,0.12857089102237154,Low Risk,12.86,Stayed,Stayed
501,35,6,99760.84,1,1,1,13591.52,0,0,1,0,0,0.2083002946306248,Low Risk,20.83,Stayed,Stayed
564,36,7,206329.65,1,1,1,46632.87,0,0,0,1,0,0.3903861190288399,Low Risk,39.04,Churned,Stayed
635,33,1,0.0,3,0,0,178067.33,0,0,1,1,0,0.2776526450872223,Low Risk,27.77,Churned,Stayed
790,33,10,135120.72,1,0,0,195204.99,0,0,0,0,0,0.4968126869648823,Medium Risk,49.68,Stayed,Stayed
656,37,7,112291.34,1,1,0,153157.97,0,0,1,0,0,0.4290834541484906,Medium Risk,42.91,Stayed,Stayed
679,60,8,0.0,2,1,1,51380.9,0,0,1,0,1,0.5120825257535113,Medium Risk,51.21,Stayed,Churned
692,66,4,159732.02,1,1,1,118188.15,0,0,1,0,1,0.7555473322469726,High Risk,75.55,Stayed,Churned
710,38,2,0.0,2,1,0,96.27,0,0,1,0,0,0.3150791601726436,Low Risk,31.51,Stayed,Stayed
769,26,7,0.0,2,1,0,176843.53,0,0,0,0,0,0.2546895870332976,Low Risk,25.47,Stayed,Stayed
666,34,9,115897.12,1,1,1,25095.03,0,0,0,0,0,0.2734590984730331,Low Risk,27.35,Stayed,Stayed
691,52,3,0.0,1,1,0,175843.68,0,0,1,1,1,0.6352330050070035,High Risk,63.52,Churned,Churned
604,36,6,116229.85,2,1,1,79633.38,0,0,1,0,0,0.20643731597680698,Low Risk,20.64,Stayed,Stayed
544,37,3,84496.71,1,0,0,79972.09,0,0,1,0,0,0.44228942228509915,Medium Risk,44.23,Stayed,Stayed
609,32,7,118520.41,1,0,0,3815.48,0,0,1,0,0,0.338832061926711,Low Risk,33.88,Stayed,Stayed
597,35,0,127510.99,1,1,1,155356.34,0,1,1,0,0,0.2452204398023503,Low Risk,24.52,Stayed,Stayed
549,25,5,0.0,2,0,0,190857.79,0,0,0,0,0,0.29805298056058344,Low Risk,29.81,Stayed,Stayed
722,49,3,168197.66,1,1,0,140765.57,0,0,0,1,1,0.7839351791805212,High Risk,78.39,Churned,Churned
806,18,3,0.0,2,1,1,86994.54,0,1,1,0,0,0.041228490990378834,Low Risk,4.12,Stayed,Stayed
517,53,0,109172.88,1,1,0,54676.1,1,0,1,1,1,0.8622285916077829,High Risk,86.22,Churned,Churned
651,56,2,0.0,1,1,0,114522.68,0,0,1,1,1,0.7001502600117758,High Risk,70.02,Churned,Churned
803,40,6,165526.71,1,1,0,12328.08,0,0,0,0,1,0.5962582669776354,Medium Risk,59.63,Stayed,Churned
747,37,1,0.0,2,0,1,180551.76,0,1,1,0,0,0.18529037622912908,Low Risk,18.53,Stayed,Stayed
648,33,5,138664.24,1,1,0,29076.27,1,0,1,0,1,0.5548589431364236,Medium Risk,55.49,Stayed,Churned
438,36,4,0.0,2,1,0,64420.5,0,0,0,0,0,0.4767801507077369,Medium Risk,47.68,Stayed,Stayed
781,29,6,98759.89,1,0,0,112202.64,0,1,0,0,0,0.40042572732028503,Medium Risk,40.04,Stayed,Stayed
610,57,6,106938.11,2,0,1,186612.47,1,0,1,0,1,0.7704290342215625,High Risk,77.04,Stayed,Churned
628,39,6,0.0,2,0,0,134441.6,0,0,1,0,0,0.3859358331639627,Low Risk,38.59,Stayed,Stayed
601,24,7,0.0,2,0,0,144660.42,0,1,1,0,0,0.17873804472328766,Low Risk,17.87,Stayed,Stayed
629,31,6,0.0,1,1,1,16447.6,0,0,0,1,0,0.18431457863925643,Low Risk,18.43,Churned,Stayed
738,62,10,83008.31,1,1,1,42766.03,1,0,1,0,1,0.7834076008053054,High Risk,78.34,Stayed,Churned
850,30,5,123210.56,2,1,1,102180.27,1,0,1,0,0,0.23973744337751235,Low Risk,23.97,Stayed,Stayed
587,46,9,107850.82,1,1,0,139431.0,1,0,1,1,1,0.7772914502080052,High Risk,77.73,Churned,Churned
574,34,1,112572.39,1,0,0,165626.6,0,0,1,0,0,0.4207211281287431,Medium Risk,42.07,Stayed,Stayed
535,45,2,0.0,2,0,1,170621.55,0,0,0,0,0,0.44918816545955287,Medium Risk,44.92,Stayed,Stayed
565,32,9,0.0,2,1,0,5388.3,0,0,1,0,0,0.2416560272794269,Low Risk,24.17,Stayed,Stayed
469,52,8,139493.25,3,0,0,150093.32,1,0,0,1,1,0.9118630105589364,High Risk,91.19,Churned,Churned
566,42,3,108010.78,1,1,1,157486.1,0,0,1,0,0,0.3338019507677162,Low Risk,33.38,Stayed,Stayed
732,33,8,111379.55,1,1,1,45098.62,0,1,0,0,0,0.25996992679488024,Low Risk,26.0,Stayed,Stayed
459,26,4,149879.66,1,0,0,50016.17,0,0,1,0,0,0.30119351145706397,Low Risk,30.12,Stayed,Stayed
798,37,8,0.0,3,0,0,110783.28,0,0,1,0,0,0.2883913612033812,Low Risk,28.84,Stayed,Stayed
487,61,5,110368.03,1,0,0,11384.45,1,0,0,1,1,0.9534531502664334,High Risk,95.35,Churned,Churned
678,38,2,0.0,2,0,0,115068.99,0,0,0,0,0,0.4925355768945521,Medium Risk,49.25,Stayed,Stayed
850,37,6,0.0,2,1,0,109291.22,0,0,1,0,0,0.28725632870600804,Low Risk,28.73,Stayed,Stayed
755,33,6,90560.3,2,1,1,42607.69,1,0,0,0,0,0.3907693695886068,Low Risk,39.08,Stayed,Stayed
743,32,6,140348.56,2,1,1,163254.39,1,0,0,0,0,0.4346998131606161,Medium Risk,43.47,Stayed,Stayed
567,46,1,68238.51,2,1,1,109572.58,1,0,0,0,1,0.6779441584797546,High Risk,67.79,Stayed,Churned
814,36,6,0.0,2,1,1,98657.01,0,0,0,0,0,0.21413483527789615,Low Risk,21.41,Stayed,Stayed
543,42,4,89838.71,3,1,0,85983.54,0,0,1,1,0,0.47395184907955185,Medium Risk,47.4,Churned,Stayed
663,44,2,117028.6,2,0,1,144680.18,1,0,1,0,1,0.5473903201072516,Medium Risk,54.74,Stayed,Churned
621,51,4,109978.83,1,0,0,177740.58,1,0,1,1,1,0.8509425928281744,High Risk,85.09,Churned,Churned
666,38,6,99812.88,2,1,1,158357.97,1,0,1,0,0,0.4008920290944057,Medium Risk,40.09,Stayed,Stayed
600,30,2,119755.0,1,1,1,21852.91,1,0,1,0,0,0.2910296242244547,Low Risk,29.1,Stayed,Stayed
699,41,1,200117.76,2,1,0,94142.35,1,0,0,0,1,0.8157934516616725,High Risk,81.58,Stayed,Churned
569,30,6,106629.49,1,0,1,44114.88,1,0,1,0,0,0.3023195156655074,Low Risk,30.23,Stayed,Stayed
702,36,9,90560.48,2,1,0,174268.87,1,0,1,0,1,0.5663788889625608,Medium Risk,56.64,Stayed,Churned
832,29,5,0.0,2,1,0,178779.52,0,0,0,0,0,0.2916608941869344,Low Risk,29.17,Stayed,Stayed
616,66,1,135842.41,1,1,0,183840.51,0,0,0,1,1,0.9333343343375815,High Risk,93.33,Churned,Churned
638,34,7,0.0,2,1,1,198969.78,0,0,0,0,0,0.22935885095944664,Low Risk,22.94,Stayed,Stayed
582,29,4,0.0,2,0,0,156153.27,0,0,1,0,0,0.2400131829529159,Low Risk,24.0,Stayed,Stayed
627,73,0,146329.73,1,0,1,43615.67,0,0,1,0,1,0.8471452147343288,High Risk,84.71,Stayed,Churned
722,30,5,0.0,2,1,0,166376.54,0,0,1,0,0,0.21929672862668456,Low Risk,21.93,Stayed,Stayed
483,41,1,118334.44,1,0,0,163147.99,1,0,1,1,1,0.7567431760358162,High Risk,75.67,Churned,Churned
644,24,8,92760.55,1,1,0,35896.75,0,0,0,0,0,0.2925378052130659,Low Risk,29.25,Stayed,Stayed
684,39,4,207034.96,2,0,0,157694.76,0,1,1,1,1,0.5394104644763211,Medium Risk,53.94,Churned,Churned
850,34,6,0.0,1,0,1,52796.31,0,0,1,0,0,0.12971442688376847,Low Risk,12.97,Stayed,Stayed
625,39,3,130786.92,1,0,1,121316.07,0,0,0,0,0,0.41972099567347604,Medium Risk,41.97,Stayed,Stayed
814,31,4,0.0,2,1,1,142029.17,0,0,0,0,0,0.16384826554032567,Low Risk,16.38,Stayed,Stayed
490,33,5,96341.0,2,0,0,108313.34,1,0,1,0,1,0.5704168597875202,Medium Risk,57.04,Stayed,Churned
469,37,9,96776.49,1,1,1,119890.86,0,1,1,0,0,0.26251883629542005,Low Risk,26.25,Stayed,Stayed
592,39,7,0.0,2,1,0,83084.33,0,0,1,0,0,0.36510513297451574,Low Risk,36.51,Stayed,Stayed
718,27,2,0.0,2,0,0,26229.24,0,0,1,0,0,0.17812903866137275,Low Risk,17.81,Stayed,Stayed
545,26,1,0.0,2,1,1,199638.56,0,0,0,0,0,0.15474030324794197,Low Risk,15.47,Stayed,Stayed
726,53,1,113537.73,1,0,1,28367.21,0,0,0,0,1,0.630406819921529,High Risk,63.04,Stayed,Churned
660,39,9,134599.33,2,1,0,183095.87,1,0,1,0,1,0.6605008816075321,High Risk,66.05,Stayed,Churned
762,32,10,191775.65,1,1,0,179657.83,0,0,1,0,0,0.3695799647980769,Low Risk,36.96,Stayed,Stayed
628,33,6,0.0,2,0,0,184230.23,0,0,1,0,0,0.2936654353805372,Low Risk,29.37,Stayed,Stayed
563,39,5,0.0,2,1,1,17603.81,0,0,0,0,0,0.28696886525778087,Low Risk,28.7,Stayed,Stayed
666,32,10,112536.57,2,1,1,34350.54,0,0,0,0,0,0.2250316751313672,Low Risk,22.5,Stayed,Stayed
636,43,6,0.0,2,1,0,43128.95,0,0,1,0,0,0.4214226752134346,Medium Risk,42.14,Stayed,Stayed
850,45,5,103909.86,1,1,0,60083.11,1,0,0,1,1,0.8066609563804634,High Risk,80.67,Churned,Churned
632,60,2,0.0,2,0,1,2085.32,0,0,1,0,1,0.5388933847063097,Medium Risk,53.89,Stayed,Churned
756,27,8,0.0,2,1,1,157932.75,0,0,1,0,0,0.0800862447717558,Low Risk,8.01,Stayed,Stayed
659,50,3,0.0,1,1,0,183399.12,0,0,0,1,1,0.7280589774267548,High Risk,72.81,Churned,Churned
733,38,3,157658.36,1,0,0,19658.43,0,0,0,0,1,0.5924282160290282,Medium Risk,59.24,Stayed,Churned
651,47,2,0.0,2,1,1,119808.64,0,1,1,0,0,0.31818849658869375,Low Risk,31.82,Stayed,Stayed
630,40,7,0.0,2,1,1,34453.17,0,0,0,0,0,0.29058149984225473,Low Risk,29.06,Stayed,Stayed
711,32,1,0.0,2,1,0,126188.42,0,0,0,0,0,0.36124141824168055,Low Risk,36.12,Stayed,Stayed
593,45,6,79259.75,1,1,0,55347.28,0,1,0,0,1,0.6921256238845267,High Risk,69.21,Stayed,Churned
560,50,3,0.0,2,1,0,84531.79,0,0,1,0,1,0.5843951589142206,Medium Risk,58.44,Stayed,Churned
704,24,7,113034.22,1,1,0,162503.48,1,0,0,1,1,0.5158269893709249,Medium Risk,51.58,Churned,Churned
598,38,1,101487.18,1,1,1,75959.1,1,0,1,1,0,0.4313066367085114,Medium Risk,43.13,Churned,Stayed
829,36,4,81795.74,2,1,0,90106.94,1,0,1,0,1,0.5215337830280126,Medium Risk,52.15,Stayed,Churned
592,37,7,0.0,2,1,1,126726.33,0,0,0,0,0,0.26785260422657375,Low Risk,26.79,Stayed,Stayed
516,31,7,0.0,1,1,0,47018.75,0,1,0,0,0,0.3954574879591032,Low Risk,39.55,Stayed,Stayed
603,48,5,0.0,1,1,0,100478.6,0,0,0,1,1,0.6893111921387077,High Risk,68.93,Churned,Churned
657,22,6,0.0,3,0,1,168412.07,0,1,0,1,0,0.10546067819867858,Low Risk,10.55,Churned,Stayed
847,41,3,101543.51,4,1,0,16025.17,1,0,0,1,1,0.6891633533247074,High Risk,68.92,Churned,Churned
481,34,5,0.0,2,1,1,125253.46,0,0,0,0,0,0.24559160242240152,Low Risk,24.56,Stayed,Stayed
711,38,10,0.0,2,0,0,53311.78,0,0,1,0,0,0.32894982585964666,Low Risk,32.89,Stayed,Stayed
678,32,5,0.0,2,1,0,90284.47,0,0,0,0,0,0.3548362903352376,Low Risk,35.48,Stayed,Stayed
617,46,3,106521.49,1,0,1,86587.37,0,1,0,0,1,0.5431062039219373,Medium Risk,54.31,Stayed,Churned
756,26,5,101641.14,2,0,1,154460.68,0,0,0,0,0,0.16830509659831394,Low Risk,16.83,Stayed,Stayed
808,32,1,0.0,2,1,1,46200.71,0,0,1,0,0,0.10339176828494873,Low Risk,10.34,Stayed,Stayed
574,33,8,100267.03,1,1,0,103006.27,0,0,1,0,0,0.3541259576476307,Low Risk,35.41,Stayed,Stayed
688,39,0,0.0,2,1,0,53222.15,0,0,0,1,0,0.48157034364916046,Medium Risk,48.16,Churned,Stayed
671,48,9,116711.06,2,0,0,76373.38,1,0,0,0,1,0.8597514657837443,High Risk,85.98,Stayed,Churned
582,32,4,0.0,2,1,0,59668.81,0,0,0,0,0,0.3701136728639316,Low Risk,37.01,Stayed,Stayed
670,45,9,104930.38,1,1,0,155921.81,0,0,0,1,1,0.6956756344421936,High Risk,69.57,Churned,Churned
795,36,1,151844.64,1,1,1,135388.89,0,0,0,0,0,0.3339092820912595,Low Risk,33.39,Stayed,Stayed
554,30,9,0.0,2,1,1,40320.3,0,0,0,0,0,0.16887185473376456,Low Risk,16.89,Stayed,Stayed
484,50,2,90408.16,2,0,0,48170.57,0,0,0,0,1,0.7782322867658011,High Risk,77.82,Stayed,Churned
603,51,8,186825.57,1,1,0,93739.71,0,0,1,1,1,0.7271388425659153,High Risk,72.71,Churned,Churned
778,33,1,0.0,2,1,0,85439.73,0,0,1,0,0,0.24286598269991153,Low Risk,24.29,Stayed,Stayed
661,42,9,75361.44,1,1,0,27608.12,0,1,0,1,1,0.6142634838004034,High Risk,61.43,Churned,Churned
667,44,8,122277.87,1,1,1,91810.71,0,0,1,0,0,0.3362872025696858,Low Risk,33.63,Stayed,Stayed
675,21,8,98373.26,1,1,0,18203.0,0,0,0,0,0,0.2424413906800403,Low Risk,24.24,Stayed,Stayed
715,42,6,0.0,2,1,1,128745.69,0,1,1,0,0,0.2281366098360534,Low Risk,22.81,Stayed,Stayed
495,40,1,140197.71,2,1,0,150720.39,0,0,0,0,1,0.6573260638275058,High Risk,65.73,Stayed,Churned
680,30,8,141441.75,1,1,1,16278.97,0,0,0,0,0,0.22728805884604164,Low Risk,22.73,Stayed,Stayed
711,52,8,145262.54,1,0,1,131473.31,1,0,0,0,1,0.8071260326035429,High Risk,80.71,Stayed,Churned
563,34,6,0.0,2,0,0,36536.93,0,0,0,0,0,0.4192051959412626,Medium Risk,41.92,Stayed,Stayed
655,37,4,108862.76,1,1,0,79555.08,1,0,0,1,1,0.7374052805730517,High Risk,73.74,Churned,Churned
834,49,2,131394.56,1,0,0,194365.76,0,0,0,1,1,0.7698023918933343,High Risk,76.98,Churned,Churned
503,28,5,0.0,2,1,0,125918.17,0,0,0,0,0,0.3288617479963914,Low Risk,32.89,Stayed,Stayed
668,30,8,0.0,2,1,0,138465.7,0,1,0,0,0,0.34008833601474925,Low Risk,34.01,Stayed,Stayed
834,57,8,112281.6,3,1,0,140225.14,1,0,0,1,1,0.9031961392494131,High Risk,90.32,Churned,Churned
526,36,0,0.0,2,1,0,97767.63,0,0,0,0,0,0.4707988681025878,Medium Risk,47.08,Stayed,Stayed
576,19,6,0.0,2,0,0,72306.07,0,1,1,0,0,0.12559243115174137,Low Risk,12.56,Stayed,Stayed
480,25,3,174330.35,2,0,0,181647.13,1,0,0,0,1,0.6289369693144273,High Risk,62.89,Stayed,Churned
670,50,8,138340.06,1,0,1,3159.15,0,0,0,0,1,0.5886022241444805,Medium Risk,58.86,Stayed,Churned
660,30,7,146301.31,1,0,0,96847.91,0,0,1,0,0,0.33036443185525655,Low Risk,33.04,Stayed,Stayed
651,45,6,86714.06,1,1,0,85869.89,1,0,0,1,1,0.8285870087796898,High Risk,82.86,Churned,Churned
844,56,5,99529.7,1,0,1,157230.06,0,1,1,1,1,0.5529272336465202,Medium Risk,55.29,Churned,Churned
680,36,3,116275.12,1,1,1,63795.8,0,0,1,0,0,0.21246132356520128,Low Risk,21.25,Stayed,Stayed
850,53,7,65407.16,2,0,0,182633.63,0,1,0,1,1,0.7728687909437403,High Risk,77.29,Churned,Churned
644,44,8,106022.73,2,0,0,148727.42,1,0,0,0,1,0.8282029593351786,High Risk,82.82,Stayed,Churned
535,29,2,112367.34,1,1,0,185630.76,0,0,0,0,0,0.45570052867200733,Medium Risk,45.57,Stayed,Stayed
655,29,9,0.0,2,0,1,85736.26,0,1,0,0,0,0.16854279718976375,Low Risk,16.85,Stayed,Stayed
609,39,8,141675.23,1,0,1,175664.25,0,0,0,0,0,0.4345276812621128,Medium Risk,43.45,Stayed,Stayed
633,42,10,0.0,1,0,1,79408.17,0,1,1,0,0,0.26008178651401986,Low Risk,26.01,Stayed,Stayed
550,33,4,118400.91,1,0,1,13999.64,1,0,1,1,0,0.3610249595146112,Low Risk,36.1,Churned,Stayed
665,27,2,147435.96,1,0,0,187508.06,1,0,0,0,1,0.6337182269275174,High Risk,63.37,Stayed,Churned
640,40,8,110340.68,1,1,1,157886.6,0,0,1,0,0,0.28176542160808715,Low Risk,28.18,Stayed,Stayed
625,36,3,0.0,2,1,0,41295.1,0,0,0,1,0,0.43156270028734445,Medium Risk,43.16,Churned,Stayed
633,40,5,86172.81,2,1,1,117279.49,1,0,1,0,0,0.4285447073997872,Medium Risk,42.85,Stayed,Stayed
745,40,3,88466.82,1,0,0,116331.42,0,1,1,0,0,0.47850077657425283,Medium Risk,47.85,Stayed,Stayed
777,30,4,0.0,2,0,1,115611.97,0,0,0,0,0,0.16432786933753935,Low Risk,16.43,Stayed,Stayed
755,36,8,0.0,2,1,0,176809.87,0,0,1,0,0,0.29885237528124925,Low Risk,29.89,Stayed,Stayed
705,30,1,0.0,1,1,1,181300.32,0,0,1,0,0,0.11906689949175865,Low Risk,11.91,Stayed,Stayed
786,29,4,0.0,2,1,0,103372.79,0,0,0,0,0,0.2878671908771817,Low Risk,28.79,Stayed,Stayed
758,68,6,112595.85,1,1,0,35865.44,1,0,1,1,1,0.9378087196760397,High Risk,93.78,Churned,Churned
604,27,9,101352.78,1,0,0,30252.3,0,1,1,0,0,0.26353220243638464,Low Risk,26.35,Stayed,Stayed
797,30,10,69413.44,1,1,1,74637.57,0,0,1,0,0,0.11497340445265132,Low Risk,11.5,Stayed,Stayed
489,31,7,139395.08,1,0,1,6120.84,0,0,0,0,0,0.28620559283755337,Low Risk,28.62,Stayed,Stayed
621,41,5,104631.67,1,1,1,95551.22,0,1,1,0,0,0.30183616045691053,Low Risk,30.18,Stayed,Stayed
608,26,1,106648.98,1,0,1,7063.6,1,0,1,0,0,0.23572750362163247,Low Risk,23.57,Stayed,Stayed
480,42,1,152160.21,2,1,0,101778.9,0,0,0,0,1,0.6916672030333958,High Risk,69.17,Stayed,Churned
504,42,7,131287.36,2,1,1,149697.78,1,0,1,0,1,0.5308971865426215,Medium Risk,53.09,Stayed,Churned
663,22,9,0.0,1,1,0,29135.89,0,1,0,1,0,0.21902035565855713,Low Risk,21.9,Churned,Stayed
632,32,1,0.0,2,1,0,19525.65,0,1,0,0,0,0.36880751275688445,Low Risk,36.88,Stayed,Stayed
845,33,8,164385.53,1,1,0,150664.97,0,0,1,0,0,0.34921111631542867,Low Risk,34.92,Stayed,Stayed
587,39,6,101851.8,2,1,0,7103.71,1,0,0,0,1,0.7408448303320628,High Risk,74.08,Stayed,Churned
568,46,8,150836.92,1,0,0,64516.8,1,0,1,1,1,0.8019367286238964,High Risk,80.19,Churned,Churned
766,28,4,90696.78,1,0,1,21597.2,1,0,0,0,0,0.33822961338126484,Low Risk,33.82,Stayed,Stayed
633,59,2,103996.74,1,1,1,103159.11,0,0,1,0,1,0.6203195962277279,High Risk,62.03,Stayed,Churned
746,37,4,0.0,2,0,1,171039.56,0,0,0,0,0,0.26574275818938986,Low Risk,26.57,Stayed,Stayed
768,25,6,0.0,2,1,1,21215.67,0,0,1,0,0,0.06228138465451129,Low Risk,6.23,Stayed,Stayed
635,38,0,103257.14,1,0,0,158344.63,0,1,1,0,0,0.48976177162495005,Medium Risk,48.98,Stayed,Stayed
529,27,1,0.0,2,1,1,37769.98,0,0,0,0,0,0.1480633575283011,Low Risk,14.81,Stayed,Stayed
625,39,2,0.0,2,1,0,100403.05,0,0,1,0,0,0.36928698570838814,Low Risk,36.93,Stayed,Stayed
697,42,10,0.0,2,1,0,61312.15,0,0,0,0,1,0.5221815942257039,Medium Risk,52.22,Stayed,Churned
673,25,3,108244.82,2,1,1,103573.96,1,0,0,0,0,0.29807961326834725,Low Risk,29.81,Stayed,Stayed
708,42,9,176702.36,2,1,1,104804.74,1,0,1,0,1,0.5038312416948278,Medium Risk,50.38,Stayed,Churned
697,33,1,87347.7,1,1,0,172524.51,0,0,0,0,0,0.47634591240382396,Medium Risk,47.63,Stayed,Stayed
573,26,8,86270.93,2,1,1,90177.3,0,0,1,0,0,0.10260554287653154,Low Risk,10.26,Stayed,Stayed
682,46,7,128029.72,1,1,1,62615.35,0,1,1,0,0,0.3802009021208942,Low Risk,38.02,Stayed,Stayed
647,44,4,93960.35,1,1,0,36579.53,1,0,1,1,1,0.7203492836492212,High Risk,72.03,Churned,Churned
797,33,10,83555.58,1,0,0,69767.14,1,0,0,0,1,0.6342014422879896,High Risk,63.42,Stayed,Churned
651,37,9,114453.58,1,0,1,175820.91,1,0,1,0,0,0.43575902666788885,Medium Risk,43.58,Stayed,Stayed
501,43,6,104533.24,1,0,0,81123.59,0,1,1,1,1,0.5884036047458574,Medium Risk,58.84,Churned,Churned
727,26,9,121508.28,1,1,1,146785.44,0,0,0,0,0,0.17967175717611084,Low Risk,17.97,Stayed,Stayed
683,56,7,50911.21,3,0,0,97629.31,0,1,1,1,1,0.6988471667566926,High Risk,69.88,Churned,Churned
770,33,6,0.0,2,1,1,126131.9,0,0,0,0,0,0.1877295954659854,Low Risk,18.77,Stayed,Stayed
568,26,6,0.0,2,0,0,166495.2,0,1,0,0,0,0.3164450535688969,Low Risk,31.64,Stayed,Stayed
577,48,6,179852.26,1,1,0,193580.32,0,1,1,0,1,0.7133461304835523,High Risk,71.33,Stayed,Churned
608,34,3,106288.54,1,1,1,36639.25,1,0,1,0,0,0.34879214908051903,Low Risk,34.88,Stayed,Stayed
679,28,9,0.0,2,0,1,61761.77,0,1,0,0,0,0.15252474025206703,Low Risk,15.25,Stayed,Stayed
544,45,6,0.0,2,0,1,151401.33,0,0,0,0,0,0.4365922617809061,Medium Risk,43.66,Stayed,Stayed
620,29,9,0.0,2,1,0,13133.88,0,1,1,0,0,0.20430597858579339,Low Risk,20.43,Stayed,Stayed
588,30,0,110148.49,1,1,0,5790.9,1,0,0,1,1,0.6281650473321716,High Risk,62.82,Churned,Churned
757,31,1,127320.36,3,1,0,163170.32,1,0,1,0,0,0.4708515677553442,Medium Risk,47.09,Stayed,Stayed
775,30,4,0.0,2,0,1,57461.13,0,1,1,0,0,0.10272101857936729,Low Risk,10.27,Stayed,Stayed
718,44,1,133866.22,1,0,1,139049.24,0,0,0,0,1,0.5026021878580417,Medium Risk,50.26,Stayed,Churned
690,35,6,112689.95,1,1,0,176962.31,0,0,1,0,0,0.3917356721169508,Low Risk,39.17,Stayed,Stayed
613,21,7,105627.95,1,1,1,36560.51,0,0,0,0,0,0.12724471191395587,Low Risk,12.72,Stayed,Stayed
699,43,3,80764.03,1,1,0,199378.58,0,0,0,1,1,0.6586725725075313,High Risk,65.87,Churned,Churned
727,43,2,97403.18,1,1,1,107415.02,0,1,1,1,0,0.3159916378144529,Low Risk,31.6,Churned,Stayed
850,66,4,0.0,2,0,1,64350.8,0,0,1,0,1,0.612584624913914,High Risk,61.26,Stayed,Churned
581,31,3,0.0,2,0,0,89040.61,0,0,1,0,0,0.2588482742799461,Low Risk,25.88,Stayed,Stayed
513,42,10,0.0,2,0,1,73151.25,0,1,0,0,0,0.3786769587597889,Low Risk,37.87,Stayed,Stayed
620,61,5,0.0,1,0,0,31641.52,0,0,1,1,1,0.7745064774801573,High Risk,77.45,Churned,Churned
726,38,5,126875.62,1,1,0,128052.29,0,0,0,0,1,0.5760036140844786,Medium Risk,57.6,Stayed,Churned
709,34,2,111669.68,1,1,0,57029.66,0,0,0,0,0,0.4827684758459232,Medium Risk,48.28,Stayed,Stayed
804,24,3,0.0,2,1,0,173195.33,0,0,1,0,0,0.1440813890973556,Low Risk,14.41,Stayed,Stayed
850,28,9,0.0,2,1,0,185821.41,0,0,0,0,0,0.26903052269221994,Low Risk,26.9,Stayed,Stayed
670,31,2,57530.06,1,1,1,181893.31,0,0,0,1,0,0.23320131025262228,Low Risk,23.32,Churned,Stayed
841,31,3,162701.65,2,1,1,126794.56,0,0,0,0,0,0.23109515707663442,Low Risk,23.11,Stayed,Stayed
628,45,6,53667.44,1,1,0,115022.94,1,0,0,0,1,0.8218368360826053,High Risk,82.18,Stayed,Churned
675,49,8,135133.39,1,0,1,179521.24,0,0,1,1,0,0.46926448846879015,Medium Risk,46.93,Churned,Stayed
567,40,7,122265.24,1,1,0,138552.74,1,0,1,0,1,0.7034552867720035,High Risk,70.35,Stayed,Churned
672,40,3,0.0,1,1,0,113171.61,0,0,0,1,1,0.5372841731191552,Medium Risk,53.73,Churned,Churned
581,46,1,0.0,2,1,0,104272.04,0,1,0,0,1,0.6569717161588792,High Risk,65.7,Stayed,Churned
584,29,4,0.0,2,1,0,88866.92,0,1,0,0,0,0.33603734462096696,Low Risk,33.6,Stayed,Stayed
644,28,0,0.0,2,1,0,119419.37,0,1,1,0,0,0.21327648854488584,Low Risk,21.33,Stayed,Stayed
661,27,3,0.0,2,1,1,76889.79,0,0,0,0,0,0.13617022453707645,Low Risk,13.62,Stayed,Stayed
667,24,4,0.0,2,0,1,34335.55,0,0,0,0,0,0.1134644449757639,Low Risk,11.35,Stayed,Stayed
630,30,3,0.0,2,0,1,10486.69,0,1,1,0,0,0.11190316677087682,Low Risk,11.19,Stayed,Stayed
656,43,7,134919.85,1,1,0,194691.95,0,0,1,0,1,0.5675617969438538,Medium Risk,56.76,Stayed,Churned
686,31,1,0.0,2,1,0,4802.25,0,0,0,0,0,0.32507670982581055,Low Risk,32.51,Stayed,Stayed
730,38,0,38848.19,2,0,0,94003.11,1,0,1,0,1,0.5758328830832842,Medium Risk,57.58,Stayed,Churned
664,58,5,98668.18,1,1,1,60887.58,0,0,1,0,1,0.5781036148150686,Medium Risk,57.81,Stayed,Churned
616,41,1,103560.57,1,1,0,236.45,1,0,0,1,1,0.7870265548492683,High Risk,78.7,Churned,Churned
718,63,7,123204.88,1,1,1,100538.8,1,0,1,0,1,0.8268762140183371,High Risk,82.69,Stayed,Churned
717,53,6,0.0,2,0,1,97614.87,0,0,1,0,0,0.40230082456209915,Medium Risk,40.23,Stayed,Stayed
656,35,6,0.0,2,1,0,1485.27,0,0,1,0,0,0.2726747213083002,Low Risk,27.27,Stayed,Stayed
687,31,2,0.0,2,0,1,145411.39,0,0,0,0,0,0.19313501013283538,Low Risk,19.31,Stayed,Stayed
649,52,8,49113.75,1,1,0,41858.43,0,0,0,0,1,0.7553857184534831,High Risk,75.54,Stayed,Churned
697,45,1,0.0,2,1,0,46807.62,0,0,0,1,1,0.5897800933963651,Medium Risk,58.98,Churned,Churned
659,36,2,76190.48,2,1,1,149066.14,1,0,1,0,0,0.3551178711565454,Low Risk,35.51,Stayed,Stayed
587,33,8,148163.57,1,0,0,122925.4,0,0,1,0,0,0.40361297534538687,Medium Risk,40.36,Stayed,Stayed
613,44,3,0.0,2,0,1,136491.72,0,0,1,0,0,0.28212344935286787,Low Risk,28.21,Stayed,Stayed
733,33,3,0.0,1,1,1,7666.73,0,0,1,0,0,0.12303866319443015,Low Risk,12.3,Stayed,Stayed
517,46,4,0.0,1,1,0,22372.78,0,1,1,0,1,0.541963668359872,Medium Risk,54.2,Stayed,Churned
584,66,5,0.0,1,1,0,49553.38,0,0,0,1,1,0.894769309709227,High Risk,89.48,Churned,Churned
728,43,5,0.0,1,1,1,120088.17,0,1,0,0,0,0.37533939386093723,Low Risk,37.53,Stayed,Stayed
777,34,5,96693.66,1,1,1,172618.52,1,0,0,0,0,0.46252941076095283,Medium Risk,46.25,Stayed,Stayed
619,44,6,52831.13,1,1,1,112649.22,0,1,0,1,0,0.4504389326880283,Medium Risk,45.04,Churned,Stayed
733,36,1,0.0,2,0,1,108377.82,0,1,1,0,0,0.16686138790994254,Low Risk,16.69,Stayed,Stayed
430,31,5,0.0,1,1,0,95655.16,0,0,1,0,0,0.29043535277370097,Low Risk,29.04,Stayed,Stayed
580,45,8,103741.14,1,1,0,47428.73,1,0,1,1,1,0.7491247271162053,High Risk,74.91,Churned,Churned
665,32,1,132178.67,1,0,0,11865.76,1,0,1,0,1,0.5475886080975598,Medium Risk,54.76,Stayed,Churned
502,45,0,0.0,1,0,0,84663.21,0,0,1,0,1,0.5500076088018834,Medium Risk,55.0,Stayed,Churned
585,56,4,138227.19,2,1,1,55287.84,0,0,1,0,1,0.5616365016763343,Medium Risk,56.16,Stayed,Churned
626,44,10,0.0,2,0,0,164287.86,0,0,1,0,0,0.4796512442079271,Medium Risk,47.97,Stayed,Stayed
753,47,1,131160.85,1,1,0,197444.69,1,0,0,0,1,0.869004713789598,High Risk,86.9,Stayed,Churned
535,49,3,0.0,1,0,0,61820.41,0,0,0,1,1,0.7276904239101619,High Risk,72.77,Churned,Churned
751,52,8,0.0,2,0,1,179291.85,0,1,1,0,0,0.4040930539463848,Medium Risk,40.41,Stayed,Stayed
478,36,3,92363.3,2,1,0,44912.7,0,1,0,0,1,0.5439389703675618,Medium Risk,54.39,Stayed,Churned
643,45,4,45144.43,1,1,0,60917.24,0,0,0,1,1,0.6527831534096165,High Risk,65.28,Churned,Churned
743,59,5,108585.35,1,1,1,192127.22,1,0,1,1,1,0.7839471264396414,High Risk,78.39,Churned,Churned
699,53,4,0.0,2,0,1,111307.98,0,0,1,0,0,0.4122701877271559,Medium Risk,41.23,Stayed,Stayed
668,46,0,0.0,2,0,0,29388.02,0,0,1,0,0,0.494804697690887,Medium Risk,49.48,Stayed,Stayed
500,38,7,0.0,2,0,0,192013.23,0,1,1,0,0,0.41931180537883,Medium Risk,41.93,Stayed,Stayed
555,62,10,114822.64,1,0,1,8444.5,1,0,0,0,1,0.8934703702035558,High Risk,89.35,Stayed,Churned
581,50,2,143829.2,2,1,0,181224.24,1,0,1,1,1,0.8381670723628589,High Risk,83.82,Churned,Churned
559,42,7,0.0,2,1,1,190040.29,0,0,0,0,0,0.36839434905273916,Low Risk,36.84,Stayed,Stayed
514,45,1,178827.79,1,1,0,60375.18,0,0,1,0,1,0.644947697996422,High Risk,64.49,Stayed,Churned
521,32,2,136555.01,2,1,1,129353.21,0,0,0,0,0,0.2885685900630632,Low Risk,28.86,Stayed,Stayed
737,39,7,130051.66,2,0,0,55356.39,0,1,0,1,1,0.5818180623804136,Medium Risk,58.18,Churned,Churned
699,31,8,125927.51,2,1,0,147661.47,0,1,1,0,0,0.3104046722126988,Low Risk,31.04,Stayed,Stayed
737,32,7,128551.36,2,0,1,189402.71,0,0,0,0,0,0.26312709152684227,Low Risk,26.31,Stayed,Stayed
603,24,1,165149.13,2,1,0,21858.28,0,1,1,0,0,0.23155357647379238,Low Risk,23.16,Stayed,Stayed
752,30,4,81523.38,1,1,1,36885.85,1,0,1,0,0,0.24322121844013772,Low Risk,24.32,Stayed,Stayed
524,28,7,0.0,2,0,1,147100.72,0,0,0,0,0,0.17620014630959263,Low Risk,17.62,Stayed,Stayed
608,38,9,102406.76,1,0,1,57600.66,0,1,0,0,0,0.37645705590172646,Low Risk,37.65,Stayed,Stayed
603,35,6,128993.76,2,1,0,130483.56,0,0,1,0,0,0.3879942492051353,Low Risk,38.8,Stayed,Stayed
720,52,7,0.0,1,1,1,14781.12,0,0,1,0,0,0.37178544164081634,Low Risk,37.18,Stayed,Stayed
633,29,6,117412.35,1,0,0,30338.94,1,0,1,0,0,0.4833474551088396,Medium Risk,48.33,Stayed,Stayed
660,28,3,128929.88,1,1,1,198069.71,0,1,0,0,0,0.2413455333132212,Low Risk,24.13,Stayed,Stayed
526,36,5,91132.18,1,0,0,58111.71,0,1,0,0,1,0.5736830957688661,Medium Risk,57.37,Stayed,Churned
691,34,7,0.0,2,0,1,161559.12,0,0,0,0,0,0.2273883519689856,Low Risk,22.74,Stayed,Stayed
705,56,2,143249.67,1,1,0,88428.41,1,0,0,1,1,0.9277526209005755,High Risk,92.78,Churned,Churned
586,33,10,66948.67,2,1,1,140759.03,0,1,0,0,0,0.25582651300608067,Low Risk,25.58,Stayed,Stayed
465,51,8,122522.32,1,0,0,181297.65,0,0,0,1,1,0.8343563983417634,High Risk,83.44,Churned,Churned
597,67,2,0.0,2,0,1,108645.85,0,0,1,0,1,0.6930846662526478,High Risk,69.31,Stayed,Churned
683,43,4,115888.04,1,1,1,117349.19,1,0,0,1,1,0.6529880483965429,High Risk,65.3,Churned,Churned
794,31,0,144880.34,2,0,1,175643.44,0,1,1,0,0,0.1722916652771426,Low Risk,17.23,Stayed,Stayed
569,41,4,120243.49,1,1,0,163150.03,0,0,1,1,1,0.5370157367560294,Medium Risk,53.7,Churned,Churned
565,31,2,89558.39,2,1,1,4441.54,1,0,1,0,0,0.2724123163578126,Low Risk,27.24,Stayed,Stayed
674,26,10,0.0,2,1,1,138423.1,0,0,0,0,0,0.12711863395479744,Low Risk,12.71,Stayed,Stayed
850,40,7,104449.8,1,1,1,747.88,1,0,0,0,1,0.5246184614180098,Medium Risk,52.46,Stayed,Churned
660,35,8,58641.43,1,0,1,198674.08,1,0,1,0,0,0.36593633342015003,Low Risk,36.59,Stayed,Stayed
677,56,5,123959.97,1,1,1,60590.72,0,1,1,1,1,0.5688957176336664,Medium Risk,56.89,Churned,Churned
690,32,0,106683.52,2,1,1,137916.49,1,0,1,0,0,0.30151571260163607,Low Risk,30.15,Stayed,Stayed
755,42,2,119919.12,1,1,0,156868.21,0,0,1,0,1,0.5158214776970473,Medium Risk,51.58,Stayed,Churned
670,33,2,141204.65,2,1,0,76257.46,0,0,1,0,0,0.34167158595226504,Low Risk,34.17,Stayed,Stayed
713,52,0,185891.54,1,1,1,46369.57,0,0,0,1,1,0.6516754193950683,High Risk,65.17,Churned,Churned
628,28,3,153538.13,2,1,0,110776.01,1,0,0,0,1,0.6063629954990175,High Risk,60.64,Stayed,Churned
738,58,2,133745.44,4,1,0,28373.86,1,0,1,1,1,0.8520654994743923,High Risk,85.21,Churned,Churned
813,59,2,135078.41,1,1,0,187636.06,1,0,1,1,1,0.9003599902548783,High Risk,90.04,Churned,Churned
560,38,5,83714.41,1,1,1,33245.97,0,0,0,0,0,0.34650754591149663,Low Risk,34.65,Stayed,Stayed
718,37,7,0.0,2,1,1,55100.09,0,0,0,0,0,0.2346419062123125,Low Risk,23.46,Stayed,Stayed
687,44,8,95368.14,2,1,1,1787.85,1,0,1,0,0,0.46827421245137796,Medium Risk,46.83,Stayed,Stayed
576,55,6,44582.07,3,0,1,67539.85,0,0,0,1,1,0.6060119719740602,High Risk,60.6,Churned,Churned
528,37,6,103772.45,1,1,0,197111.99,0,0,1,0,0,0.4628294039864764,Medium Risk,46.28,Stayed,Stayed
560,44,5,143244.97,1,1,0,98661.27,0,0,0,0,1,0.717780393227004,High Risk,71.78,Stayed,Churned
628,37,0,0.0,2,1,1,171707.93,0,0,1,0,0,0.18245696579476187,Low Risk,18.25,Stayed,Stayed
831,30,2,0.0,2,0,1,3430.38,0,0,1,0,0,0.09047909767297253,Low Risk,9.05,Stayed,Stayed
641,31,3,153316.14,1,1,0,59927.99,0,1,1,0,0,0.3511072941852335,Low Risk,35.11,Stayed,Stayed
521,49,2,127948.57,1,1,1,182765.14,1,0,0,0,1,0.7924966810745814,High Risk,79.25,Stayed,Churned
566,40,2,97001.36,2,1,0,154486.01,1,0,0,0,1,0.7837459734154978,High Risk,78.37,Stayed,Churned
673,37,8,0.0,2,1,1,183318.79,0,1,0,0,0,0.2729108772558788,Low Risk,27.29,Stayed,Stayed
580,35,8,0.0,2,0,1,10357.03,0,0,0,0,0,0.2338828933733265,Low Risk,23.39,Stayed,Stayed
655,27,10,0.0,2,1,0,51620.94,0,0,1,0,0,0.17200698843184625,Low Risk,17.2,Stayed,Stayed
565,32,9,68067.24,1,1,0,143287.58,1,0,0,0,1,0.655058136747261,High Risk,65.51,Stayed,Churned
523,63,6,116227.27,1,1,1,119404.63,1,0,1,0,1,0.8510627574480458,High Risk,85.11,Stayed,Churned
688,32,5,0.0,2,0,1,177607.77,0,0,0,0,0,0.2065855071672264,Low Risk,20.66,Stayed,Stayed
664,41,5,0.0,1,1,1,152054.33,0,0,0,0,0,0.3472378846720188,Low Risk,34.72,Stayed,Stayed
690,49,8,116622.73,1,0,1,51011.29,0,1,1,0,0,0.43863564893748924,Medium Risk,43.86,Stayed,Stayed
538,25,5,62482.95,1,1,1,102758.43,1,0,1,0,0,0.20995883875000065,Low Risk,21.0,Stayed,Stayed
566,44,5,141428.99,2,0,0,68408.74,1,0,0,0,1,0.8444782592228529,High Risk,84.45,Stayed,Churned
684,45,6,148071.39,1,1,0,183575.01,0,0,1,0,1,0.6065482152846008,High Risk,60.65,Stayed,Churned
609,53,6,0.0,2,1,1,124218.27,0,0,0,0,1,0.5503999565934414,Medium Risk,55.04,Stayed,Churned
668,47,7,106854.21,1,0,1,157959.02,1,0,1,1,1,0.6139389136803705,High Risk,61.39,Churned,Churned
624,62,7,125163.62,2,1,1,151411.5,0,0,0,0,1,0.7764209346514801,High Risk,77.64,Stayed,Churned
623,45,0,0.0,1,1,0,196533.72,0,0,1,1,1,0.530097724304121,Medium Risk,53.01,Churned,Churned
595,29,6,150685.79,1,1,0,87771.06,0,0,1,0,0,0.3137186642786549,Low Risk,31.37,Stayed,Stayed
665,32,10,0.0,1,1,1,22487.45,0,1,0,0,0,0.19639011729322373,Low Risk,19.64,Stayed,Stayed
700,37,7,0.0,2,1,0,17040.82,0,0,0,0,0,0.4220622303069556,Medium Risk,42.21,Stayed,Stayed
594,53,4,0.0,1,1,0,5408.74,0,0,0,1,1,0.7518814913677367,High Risk,75.19,Churned,Churned
795,38,7,125903.22,2,1,1,127068.92,1,0,1,0,0,0.3825926052738469,Low Risk,38.26,Stayed,Stayed
484,32,3,0.0,2,1,1,139390.99,0,0,0,0,0,0.22237605553316214,Low Risk,22.24,Stayed,Stayed
742,36,2,129748.54,2,0,0,47271.61,1,0,0,1,1,0.7092383619348542,High Risk,70.92,Churned,Churned
499,55,4,126817.65,2,1,0,123269.71,1,0,0,0,1,0.9265164419906712,High Risk,92.65,Stayed,Churned
669,45,7,149364.58,1,0,1,173454.07,0,0,1,0,0,0.4058618173762427,Medium Risk,40.59,Stayed,Stayed
560,33,9,0.0,1,0,1,183358.21,0,1,0,0,0,0.26496038278939427,Low Risk,26.5,Stayed,Stayed
650,23,5,0.0,1,1,1,180622.43,0,1,0,0,0,0.12906013548709422,Low Risk,12.91,Stayed,Stayed
619,52,8,0.0,2,1,1,123242.11,0,1,1,0,0,0.404119020922081,Medium Risk,40.41,Stayed,Stayed
652,71,4,0.0,1,1,1,120107.1,0,1,1,0,1,0.7598412720883538,High Risk,75.98,Stayed,Churned
705,24,5,177799.83,2,0,0,79886.06,0,1,0,0,0,0.3510842932614168,Low Risk,35.11,Stayed,Stayed
778,47,6,127299.34,2,1,0,124694.99,0,1,0,0,1,0.7094962668028555,High Risk,70.95,Stayed,Churned
629,28,8,108601.0,1,1,1,119647.7,1,0,1,0,0,0.25860496140296485,Low Risk,25.86,Stayed,Stayed
596,39,10,86546.29,1,0,1,131768.98,0,0,0,0,0,0.38725365802745704,Low Risk,38.73,Stayed,Stayed
754,37,6,0.0,1,1,1,116141.72,0,0,1,0,0,0.1676832170755513,Low Risk,16.77,Stayed,Stayed
776,30,6,0.0,2,0,1,63908.86,0,1,1,0,0,0.10196545015719777,Low Risk,10.2,Stayed,Stayed
615,44,9,126104.98,2,0,1,110718.02,1,0,0,0,1,0.6749175958015254,High Risk,67.49,Stayed,Churned
684,44,2,133776.86,2,0,1,49865.04,1,0,0,0,1,0.6641459024678331,High Risk,66.41,Stayed,Churned
513,49,5,171601.27,1,1,0,126223.84,1,0,0,0,1,0.9077408732207126,High Risk,90.77,Stayed,Churned
705,46,5,89364.91,1,0,1,139162.15,0,1,0,0,1,0.5195880526929197,Medium Risk,51.96,Stayed,Churned
489,58,4,0.0,2,1,1,191419.32,0,1,1,0,1,0.5675980807978919,Medium Risk,56.76,Stayed,Churned
721,40,3,0.0,1,1,1,144874.67,0,0,1,0,0,0.21432993427086208,Low Risk,21.43,Stayed,Stayed
690,36,7,101583.11,2,1,0,123775.15,0,0,1,0,0,0.36637970875395665,Low Risk,36.64,Stayed,Stayed
683,36,5,115350.63,1,1,1,122305.91,0,0,1,0,0,0.2180735604252153,Low Risk,21.81,Stayed,Stayed
465,33,5,0.0,2,0,1,78698.09,0,0,1,0,0,0.15415823852320978,Low Risk,15.42,Stayed,Stayed
850,27,6,96654.72,2,0,0,152740.16,0,0,1,0,0,0.2158496464905548,Low Risk,21.58,Stayed,Stayed
627,39,5,124586.93,1,1,0,93132.61,1,0,0,1,1,0.7790189133004481,High Risk,77.9,Churned,Churned
669,47,9,61196.54,1,1,0,58170.24,0,0,0,0,1,0.6836429149345704,High Risk,68.36,Stayed,Churned
762,36,5,119547.46,1,1,1,42693.65,0,0,1,0,0,0.1967913735219025,Low Risk,19.68,Stayed,Stayed
448,36,6,83947.12,2,1,0,81999.53,0,0,0,0,1,0.5342818959552411,Medium Risk,53.43,Stayed,Churned
813,25,5,123616.43,1,0,1,132959.33,1,0,0,0,0,0.31915513668728746,Low Risk,31.92,Stayed,Stayed
601,42,1,98495.72,1,1,0,40014.76,1,0,1,1,1,0.704880723412396,High Risk,70.49,Churned,Churned
723,28,4,0.0,2,1,1,123885.88,0,0,1,0,0,0.08792651446807073,Low Risk,8.79,Stayed,Stayed
850,35,7,114285.2,1,0,1,129660.59,1,0,0,0,0,0.4821411389622861,Medium Risk,48.21,Stayed,Stayed
601,47,1,64430.06,2,0,1,96517.97,0,0,1,0,0,0.3693432803016469,Low Risk,36.93,Stayed,Stayed
707,35,9,0.0,2,1,1,70403.65,0,0,0,0,0,0.21011329226561487,Low Risk,21.01,Stayed,Stayed
461,35,5,0.0,1,1,1,54209.02,0,0,0,0,0,0.2706402455953866,Low Risk,27.06,Stayed,Stayed
596,67,6,0.0,2,1,1,138350.74,0,1,1,0,1,0.6902776242211371,High Risk,69.03,Stayed,Churned
730,26,6,0.0,2,1,1,185808.7,0,1,1,0,0,0.0830965234625809,Low Risk,8.31,Stayed,Stayed
540,28,8,0.0,2,0,0,197588.32,0,1,1,0,0,0.24507347717348063,Low Risk,24.51,Stayed,Stayed
631,27,10,134169.62,1,1,1,176730.02,0,1,1,0,0,0.14285598855292003,Low Risk,14.29,Stayed,Stayed
817,45,9,101207.75,1,0,0,88211.12,1,0,1,1,1,0.7255262240998299,High Risk,72.55,Churned,Churned
583,40,3,0.0,2,1,0,47728.0,0,0,1,0,0,0.3836421726805141,Low Risk,38.36,Stayed,Stayed
683,32,0,138171.1,2,1,1,188203.58,1,0,0,0,0,0.461639515778353,Medium Risk,46.16,Stayed,Stayed
662,41,4,0.0,2,1,0,126551.48,0,0,0,0,1,0.5351040136366499,Medium Risk,53.51,Stayed,Churned
559,33,9,111060.05,2,1,0,110371.84,0,0,1,0,0,0.3415852766092405,Low Risk,34.16,Stayed,Stayed
538,28,6,164365.44,1,0,1,5698.97,1,0,0,0,0,0.4292946592551251,Medium Risk,42.93,Stayed,Stayed
670,38,4,119624.54,2,1,1,110472.12,0,0,0,0,0,0.34140152424832687,Low Risk,34.14,Stayed,Stayed
638,36,6,188455.19,1,0,0,47031.4,0,0,1,1,0,0.46304826979263575,Medium Risk,46.3,Churned,Stayed
702,29,10,88378.6,1,1,0,88550.28,0,0,0,0,0,0.36970381505558303,Low Risk,36.97,Stayed,Stayed
742,21,1,114292.48,1,1,0,31520.4,1,0,0,0,0,0.4323407374466532,Medium Risk,43.23,Stayed,Stayed
731,43,2,0.0,1,1,1,170034.95,0,0,1,1,0,0.2590644475989254,Low Risk,25.91,Churned,Stayed
559,43,1,0.0,1,0,1,86634.3,0,0,0,0,0,0.4143071011754914,Medium Risk,41.43,Stayed,Stayed
607,36,10,106702.94,2,0,0,198313.69,1,0,1,0,1,0.618354693051401,High Risk,61.84,Stayed,Churned
547,55,4,111362.76,3,1,0,16922.28,1,0,1,1,1,0.846530135288432,High Risk,84.65,Churned,Churned
652,36,1,0.0,2,1,1,19302.78,0,1,0,0,0,0.24303465099540353,Low Risk,24.3,Stayed,Stayed
604,34,7,0.0,2,1,0,193021.49,0,0,0,0,0,0.42525236542373995,Medium Risk,42.53,Stayed,Stayed
735,38,1,0.0,3,0,0,92220.12,0,0,0,1,0,0.4516151653722604,Medium Risk,45.16,Churned,Stayed
545,45,6,93796.42,2,1,1,162321.26,1,0,1,0,1,0.5565469608646734,Medium Risk,55.65,Stayed,Churned
506,28,8,53053.76,1,0,1,24577.34,1,0,1,0,0,0.2472802988117498,Low Risk,24.73,Stayed,Stayed
525,30,0,157989.21,2,1,1,100687.67,1,0,0,0,0,0.45393635050477127,Medium Risk,45.39,Stayed,Stayed
620,33,9,127638.35,1,1,1,192717.57,0,0,0,0,0,0.3034221985025549,Low Risk,30.34,Stayed,Stayed
658,43,7,140260.36,2,1,0,2748.72,0,0,0,0,1,0.6373194505924324,High Risk,63.73,Stayed,Churned
526,32,6,131938.92,2,1,1,1795.93,1,0,0,0,0,0.4420291393919831,Medium Risk,44.2,Stayed,Stayed
665,34,1,96645.54,2,0,0,171413.66,0,0,0,0,1,0.5014826915514115,Medium Risk,50.15,Stayed,Churned
529,28,9,0.0,2,1,1,52545.24,0,0,1,0,0,0.09452534990134973,Low Risk,9.45,Stayed,Stayed
543,31,2,147674.26,1,1,1,16658.76,0,0,0,0,0,0.2754750151248379,Low Risk,27.55,Stayed,Stayed
635,48,8,130796.33,2,1,1,43250.3,0,0,0,0,1,0.5206400223169164,Medium Risk,52.06,Stayed,Churned
631,38,7,0.0,2,1,0,181605.85,0,1,1,0,0,0.3722688962245909,Low Risk,37.23,Stayed,Stayed
625,22,9,0.0,2,1,0,157072.91,0,0,1,0,0,0.1387253134462776,Low Risk,13.87,Stayed,Stayed
764,30,5,0.0,2,0,1,105155.66,0,0,1,0,0,0.10181077689195102,Low Risk,10.18,Stayed,Stayed
569,36,1,67087.69,1,1,0,154775.7,0,0,1,0,0,0.4084452198804454,Medium Risk,40.84,Stayed,Stayed
667,31,5,0.0,2,1,1,20346.69,0,1,1,0,0,0.1088511089551734,Low Risk,10.89,Stayed,Stayed
643,34,7,160426.07,1,0,1,188533.11,1,0,0,0,1,0.5550471564600532,Medium Risk,55.5,Stayed,Churned
683,38,7,109346.13,2,1,0,102665.92,0,0,1,0,0,0.40472850139647204,Medium Risk,40.47,Stayed,Stayed
722,34,8,0.0,2,1,1,133447.49,0,0,1,0,0,0.130241906892319,Low Risk,13.02,Stayed,Stayed
512,36,4,152169.12,2,0,0,38629.3,0,0,1,1,0,0.44264109996014683,Medium Risk,44.26,Churned,Stayed
422,54,3,140014.42,1,0,1,86350.97,0,0,1,0,1,0.6106854583234028,High Risk,61.07,Stayed,Churned
619,33,3,100488.92,2,0,1,36446.74,1,0,0,0,0,0.44775270817296065,Medium Risk,44.78,Stayed,Stayed
679,45,3,146758.24,1,1,0,48466.89,0,0,1,0,1,0.582761506947315,Medium Risk,58.28,Stayed,Churned
581,46,2,79385.21,2,0,0,188492.82,0,1,1,0,1,0.6139960500286484,High Risk,61.4,Stayed,Churned
586,60,3,47020.65,2,0,1,63241.21,0,0,0,1,1,0.715918339537424,High Risk,71.59,Churned,Churned
643,28,9,160858.13,2,1,0,27149.27,1,0,1,0,0,0.4451205280602197,Medium Risk,44.51,Stayed,Stayed
351,57,4,163146.46,1,1,0,169621.69,1,0,0,1,1,0.9553313095646977,High Risk,95.53,Churned,Churned
670,33,7,0.0,2,1,1,88187.81,0,0,0,0,0,0.1955154748664772,Low Risk,19.55,Stayed,Stayed
599,33,4,51690.89,1,1,0,111622.76,0,1,1,1,0,0.3381392467257951,Low Risk,33.81,Churned,Stayed
700,46,5,95872.86,1,1,0,98273.01,0,0,1,1,1,0.569221500299702,Medium Risk,56.92,Churned,Churned
797,45,8,0.0,1,0,0,125110.02,0,0,1,0,0,0.479573853437013,Medium Risk,47.96,Stayed,Stayed
699,29,3,125689.29,1,1,1,151623.71,0,0,1,0,0,0.14721394007448865,Low Risk,14.72,Stayed,Stayed
680,32,7,175454.0,1,0,1,77349.92,1,0,1,0,0,0.36190746413414876,Low Risk,36.19,Stayed,Stayed
678,27,5,87099.85,2,1,0,149550.95,0,1,0,0,0,0.3485382995007332,Low Risk,34.85,Stayed,Stayed
601,43,2,0.0,1,1,0,49713.87,0,0,0,1,1,0.5969066908970927,Medium Risk,59.69,Churned,Churned
701,39,9,0.0,2,1,1,110043.88,0,1,0,0,0,0.28417481383129617,Low Risk,28.42,Stayed,Stayed
652,40,7,100471.34,1,1,1,124550.88,0,1,0,0,0,0.40251485166579354,Medium Risk,40.25,Stayed,Stayed
622,43,8,0.0,2,1,0,100618.17,0,0,1,0,0,0.43372482663832307,Medium Risk,43.37,Stayed,Stayed
709,42,9,118546.71,1,0,1,77142.85,0,0,1,0,0,0.30353990357476995,Low Risk,30.35,Stayed,Stayed
710,41,9,149155.53,2,1,0,42131.26,1,0,0,1,1,0.7749693455206985,High Risk,77.5,Churned,Churned
541,34,3,128743.55,1,1,0,134851.12,0,0,1,0,0,0.4123848028002635,Medium Risk,41.24,Stayed,Stayed
767,24,5,0.0,2,1,1,67445.85,0,1,0,0,0,0.10549687228515216,Low Risk,10.55,Stayed,Stayed
691,37,9,149405.18,1,1,1,146411.6,0,0,1,0,0,0.246630984484418,Low Risk,24.66,Stayed,Stayed
756,32,0,109528.16,2,1,1,56176.31,1,0,1,0,0,0.2761586695435415,Low Risk,27.62,Stayed,Stayed
718,52,8,79475.3,3,1,1,32421.32,0,0,1,1,0,0.38036155657268583,Low Risk,38.04,Churned,Stayed
502,32,1,173340.83,1,0,1,122763.95,1,0,0,0,1,0.5531496632230488,Medium Risk,55.31,Stayed,Churned
732,42,9,108748.08,2,1,1,65323.11,1,0,1,0,0,0.4420595169029259,Medium Risk,44.21,Stayed,Stayed
798,22,8,0.0,2,1,0,107615.43,0,0,1,0,0,0.11722058035393261,Low Risk,11.72,Stayed,Stayed
724,45,5,83888.54,1,0,1,34121.81,0,1,1,0,0,0.3385400649333145,Low Risk,33.85,Stayed,Stayed
491,72,6,91285.22,1,1,1,7032.95,0,0,0,0,1,0.8818095730843334,High Risk,88.18,Stayed,Churned
749,60,6,0.0,1,1,0,17978.68,0,0,0,1,1,0.8176041923477105,High Risk,81.76,Churned,Churned
587,38,0,132122.42,2,0,0,31730.32,1,0,0,0,1,0.7667153976736114,High Risk,76.67,Stayed,Churned
559,31,1,139183.06,1,0,1,143360.56,0,1,0,0,0,0.3181315030680447,Low Risk,31.81,Stayed,Stayed
765,32,9,178095.55,1,0,0,47247.56,0,1,0,0,0,0.4965934433769862,Medium Risk,49.66,Stayed,Stayed
849,35,4,110837.73,1,0,0,126419.8,0,0,1,0,0,0.36572509061368197,Low Risk,36.57,Stayed,Stayed
641,37,7,0.0,2,1,0,75248.3,0,0,1,0,0,0.31935647785834836,Low Risk,31.94,Stayed,Stayed
475,39,6,0.0,1,1,1,56999.9,0,0,1,1,0,0.22265969628993745,Low Risk,22.27,Churned,Stayed
509,18,7,102983.91,1,1,0,171770.58,0,0,1,0,0,0.16654968140832896,Low Risk,16.65,Stayed,Stayed
505,45,9,131355.3,3,1,0,195395.33,0,1,0,1,1,0.7194582238712092,High Risk,71.95,Churned,Churned
541,29,7,127504.57,1,0,0,86173.92,0,0,1,0,0,0.32348173168936056,Low Risk,32.35,Stayed,Stayed
646,38,7,0.0,2,1,0,1528.4,0,0,1,0,0,0.320821463965015,Low Risk,32.08,Stayed,Stayed
666,39,10,0.0,2,1,0,102999.33,0,0,1,0,0,0.3493317204690998,Low Risk,34.93,Stayed,Stayed
850,24,6,0.0,2,1,1,13159.9,0,0,0,0,0,0.0893077690975923,Low Risk,8.93,Stayed,Stayed
597,24,1,103219.47,1,1,0,60420.07,0,0,0,0,0,0.322111837157596,Low Risk,32.21,Stayed,Stayed
529,38,7,99842.5,2,1,0,90256.06,0,1,1,1,0,0.44292554788902777,Medium Risk,44.29,Churned,Stayed
655,38,3,250898.09,3,0,1,81054.0,0,1,1,1,0,0.30707462707906985,Low Risk,30.71,Churned,Stayed
734,33,5,121898.58,1,1,0,61829.89,1,0,1,0,1,0.5310375291218246,Medium Risk,53.1,Stayed,Churned
613,28,7,76656.4,2,1,1,185483.24,1,0,1,0,0,0.2379997855103992,Low Risk,23.8,Stayed,Stayed
669,33,8,0.0,2,0,1,128538.05,0,1,0,0,0,0.2210264560748745,Low Risk,22.1,Stayed,Stayed
627,35,7,0.0,1,1,0,187718.26,0,1,0,0,0,0.4760468093652265,Medium Risk,47.6,Stayed,Stayed
615,41,1,126773.43,1,1,1,55551.26,0,1,1,0,0,0.3143363048742244,Low Risk,31.43,Stayed,Stayed
622,41,2,127087.06,1,1,0,102402.91,0,0,1,1,1,0.5198219817202968,Medium Risk,51.98,Churned,Churned
624,36,6,0.0,2,0,0,84749.96,0,0,1,0,0,0.32450789375044714,Low Risk,32.45,Stayed,Stayed
663,24,7,0.0,2,1,1,166310.82,0,0,1,0,0,0.07096542774629934,Low Risk,7.1,Stayed,Stayed
601,47,1,142802.02,1,1,1,57553.02,1,0,0,0,1,0.7414722360606585,High Risk,74.15,Stayed,Churned
644,35,5,161591.11,3,1,1,63795.62,1,0,1,0,0,0.35155552073169594,Low Risk,35.16,Stayed,Stayed
563,42,6,99056.22,2,1,0,154347.95,0,1,0,1,1,0.6575512605858467,High Risk,65.76,Churned,Churned
750,35,3,0.0,1,1,0,191520.5,0,0,0,0,0,0.44205676272238686,Medium Risk,44.21,Stayed,Stayed
629,49,4,0.0,2,1,1,196335.48,0,0,0,0,0,0.48901641581829053,Medium Risk,48.9,Stayed,Stayed
570,38,1,127201.58,1,1,0,147168.28,1,0,1,1,1,0.6833614907036313,High Risk,68.34,Churned,Churned
850,27,1,101278.25,2,1,1,26265.18,1,0,1,0,0,0.18461318925268302,Low Risk,18.46,Stayed,Stayed
633,50,7,88302.65,1,1,1,195937.16,1,0,1,0,1,0.653746675539132,High Risk,65.37,Stayed,Churned
762,29,10,115545.33,2,1,0,148256.43,0,1,1,0,0,0.25938319410114563,Low Risk,25.94,Stayed,Stayed
445,30,3,0.0,2,1,1,127939.19,0,0,0,0,0,0.2011464533160935,Low Risk,20.11,Stayed,Stayed
614,41,3,123475.04,1,1,1,179227.52,0,0,0,0,0,0.4499610715507565,Medium Risk,45.0,Stayed,Stayed
658,44,2,168396.34,1,1,1,14178.73,0,0,1,0,0,0.3609973038442139,Low Risk,36.1,Stayed,Stayed
549,34,4,0.0,2,0,0,139463.57,0,0,0,0,0,0.4477559657628661,Medium Risk,44.78,Stayed,Stayed
594,34,7,141525.55,1,0,0,9443.15,0,0,0,0,1,0.5285060958631002,Medium Risk,52.85,Stayed,Churned
742,44,8,107926.02,1,0,1,17375.27,1,0,0,1,1,0.642953966978716,High Risk,64.3,Churned,Churned
411,36,10,0.0,1,0,0,120694.35,0,0,0,0,1,0.5276705471324745,Medium Risk,52.77,Stayed,Churned
746,24,10,68781.82,1,0,1,47997.39,0,1,1,0,0,0.08688145299712863,Low Risk,8.69,Stayed,Stayed
706,42,9,0.0,2,1,1,28714.34,0,1,1,0,0,0.21109054408027647,Low Risk,21.11,Stayed,Stayed
607,27,2,0.0,2,1,0,63495.86,0,0,0,0,0,0.28520204009219285,Low Risk,28.52,Stayed,Stayed
615,32,1,0.0,2,0,0,2139.25,0,0,1,0,0,0.2554036363967892,Low Risk,25.54,Stayed,Stayed
488,33,4,140002.35,1,1,0,123613.81,1,0,0,0,1,0.7320582472393526,High Risk,73.21,Stayed,Churned
764,34,6,108760.27,2,1,0,166324.79,1,0,1,1,1,0.5306271972734506,Medium Risk,53.06,Churned,Churned
622,47,6,142319.03,1,0,0,100183.05,0,1,0,0,1,0.7726344332250394,High Risk,77.26,Stayed,Churned
709,32,7,0.0,2,1,1,199418.02,0,0,0,0,0,0.19342034773514766,Low Risk,19.34,Stayed,Stayed
540,35,7,128369.75,2,1,0,198256.15,1,0,0,0,1,0.7358927110650744,High Risk,73.59,Stayed,Churned
544,26,6,0.0,1,1,0,100200.4,0,0,0,1,0,0.3030995799937787,Low Risk,30.31,Churned,Stayed
850,25,8,69385.17,2,1,0,87834.24,1,0,0,0,0,0.42877762559336746,Medium Risk,42.88,Stayed,Stayed
582,32,1,116409.55,1,0,1,152790.92,0,0,0,0,0,0.3061405401842477,Low Risk,30.61,Stayed,Stayed
537,47,6,103163.35,1,1,0,16259.64,1,0,0,1,1,0.8600750449636962,High Risk,86.01,Churned,Churned
613,44,9,100524.69,1,1,1,47298.95,0,1,1,0,0,0.3356120414544723,Low Risk,33.56,Stayed,Stayed
562,36,6,0.0,2,1,0,32845.32,0,0,1,0,0,0.3116303907342818,Low Risk,31.16,Stayed,Stayed
754,39,3,74896.33,1,0,0,34430.16,0,0,1,0,0,0.4167512192352335,Medium Risk,41.68,Stayed,Stayed
470,31,2,101675.22,2,1,0,45033.75,0,1,0,0,0,0.4589441411081889,Medium Risk,45.89,Stayed,Stayed
672,34,1,142151.75,2,1,1,168753.34,0,0,0,0,0,0.3038179202477911,Low Risk,30.38,Stayed,Stayed
663,22,6,0.0,2,0,1,131827.15,0,0,1,0,0,0.0642472544177504,Low Risk,6.42,Stayed,Stayed
573,44,9,0.0,2,1,0,107124.17,0,1,1,0,0,0.47708673338941854,Medium Risk,47.71,Stayed,Stayed
698,40,0,92053.44,1,1,1,143681.83,0,1,0,0,0,0.401823028179252,Medium Risk,40.18,Stayed,Stayed
519,34,5,0.0,1,1,0,68479.6,0,0,1,0,0,0.31670785073963464,Low Risk,31.67,Stayed,Stayed
584,32,5,0.0,2,1,0,10956.82,0,1,1,0,0,0.2545480815098405,Low Risk,25.45,Stayed,Stayed
850,32,7,0.0,2,0,0,155227.0,0,0,0,0,0,0.34542704030064336,Low Risk,34.54,Stayed,Stayed
774,49,1,142767.39,1,1,1,8214.41,0,0,1,0,0,0.40955130948537855,Medium Risk,40.96,Stayed,Stayed
594,23,4,104753.84,2,1,0,56756.52,1,0,0,1,0,0.47255387691778616,Medium Risk,47.26,Churned,Stayed
701,38,3,125385.49,2,0,1,52044.66,1,0,1,0,0,0.4095695837572784,Medium Risk,40.96,Stayed,Stayed
597,40,9,106756.01,2,1,0,151167.94,1,0,0,0,1,0.7753480725969386,High Risk,77.53,Stayed,Churned
695,46,4,0.0,2,1,1,137537.22,0,0,1,0,0,0.2827811761893999,Low Risk,28.28,Stayed,Stayed
574,36,4,77967.5,1,1,0,167066.95,0,1,1,1,0,0.4261587554664051,Medium Risk,42.62,Churned,Stayed
634,45,9,0.0,2,0,0,17622.82,0,0,1,0,0,0.46625906907804326,Medium Risk,46.63,Stayed,Stayed
650,32,2,84906.45,1,1,0,163216.48,0,0,1,0,0,0.33248471721983636,Low Risk,33.25,Stayed,Stayed
685,40,2,168001.34,2,1,1,167400.29,0,0,1,0,0,0.2961907301030755,Low Risk,29.62,Stayed,Stayed
682,58,1,0.0,1,1,1,706.5,0,0,0,0,1,0.6318822170237822,High Risk,63.19,Stayed,Churned
669,37,4,0.0,1,1,0,132540.33,0,0,1,0,0,0.35142898762932234,Low Risk,35.14,Stayed,Stayed
839,33,10,75592.43,1,1,0,62674.42,0,1,0,0,0,0.4119641080390564,Medium Risk,41.2,Stayed,Stayed
450,29,7,117199.8,1,1,1,43480.63,0,0,1,0,0,0.15745933236909082,Low Risk,15.75,Stayed,Stayed
850,42,6,84445.68,3,0,1,60021.34,1,0,1,1,0,0.3958853633485822,Low Risk,39.59,Churned,Stayed
527,31,4,0.0,1,1,0,169361.89,0,0,1,0,0,0.28713682024326015,Low Risk,28.71,Stayed,Stayed
792,34,1,0.0,1,0,1,86330.32,0,0,1,0,0,0.1431795649348368,Low Risk,14.32,Stayed,Stayed
531,42,2,0.0,2,0,1,90537.47,0,0,0,0,0,0.37767538987843935,Low Risk,37.77,Stayed,Stayed
535,37,3,175534.78,2,1,1,9241.52,0,1,1,0,0,0.2634776828350142,Low Risk,26.35,Stayed,Stayed
751,29,1,135536.5,1,1,0,66825.33,0,0,1,0,0,0.2784472820690315,Low Risk,27.84,Stayed,Stayed
556,51,8,61354.14,1,1,0,198810.65,0,0,0,1,1,0.7871840453521526,High Risk,78.72,Churned,Churned
584,37,10,134171.8,4,1,1,70927.11,1,0,0,1,0,0.48459104549212484,Medium Risk,48.46,Churned,Stayed
763,35,7,115651.6,2,1,1,104706.29,0,0,0,0,0,0.26790769291468547,Low Risk,26.79,Stayed,Stayed
652,36,9,150956.71,1,0,0,72350.17,1,0,1,0,1,0.6368277389029507,High Risk,63.68,Stayed,Churned
436,43,5,0.0,2,1,1,35687.43,0,1,1,0,0,0.2755757085061033,Low Risk,27.56,Stayed,Stayed
646,52,8,59669.43,1,0,0,172495.81,0,0,1,1,1,0.6894985290584494,High Risk,68.95,Churned,Churned
694,31,4,141989.27,2,1,0,26116.82,1,0,1,0,0,0.4851290052466771,Medium Risk,48.51,Stayed,Stayed
608,45,4,0.0,2,0,0,36697.48,0,1,1,1,0,0.49823432178941535,Medium Risk,49.82,Churned,Stayed
558,27,1,152283.39,1,1,0,183271.15,0,0,1,0,0,0.31418156222939253,Low Risk,31.42,Stayed,Stayed
679,40,1,0.0,1,1,1,16897.19,0,0,1,0,0,0.20409900527757252,Low Risk,20.41,Stayed,Stayed
577,35,10,0.0,2,1,1,25161.61,0,0,0,0,0,0.22212170047536425,Low Risk,22.21,Stayed,Stayed
683,32,9,0.0,2,1,1,24991.92,0,0,0,0,0,0.17205434724578494,Low Risk,17.21,Stayed,Stayed
591,29,1,97541.24,1,1,1,196356.17,0,1,1,0,0,0.163711533017883,Low Risk,16.37,Stayed,Stayed
636,45,3,0.0,2,1,1,159463.8,0,1,1,0,0,0.29473250441398086,Low Risk,29.47,Stayed,Stayed
708,64,5,0.0,3,0,1,112520.07,0,1,0,1,1,0.7256850061267378,High Risk,72.57,Churned,Churned
699,34,4,185173.81,2,1,0,120834.48,1,0,1,0,1,0.5914086248455603,Medium Risk,59.14,Stayed,Churned
707,31,2,82787.93,2,0,0,91423.69,0,0,0,0,0,0.40696021293756324,Medium Risk,40.7,Stayed,Stayed
597,33,6,135703.59,2,0,0,74850.84,0,0,0,0,0,0.4959263872864928,Medium Risk,49.59,Stayed,Stayed
609,26,7,0.0,2,1,0,98463.99,0,0,1,0,0,0.17575256112563392,Low Risk,17.58,Stayed,Stayed
522,25,5,94049.92,2,1,0,103269.0,1,0,0,0,1,0.5278903523805887,Medium Risk,52.79,Stayed,Churned
596,39,9,0.0,1,1,0,48963.59,0,0,1,0,0,0.37737858269134367,Low Risk,37.74,Stayed,Stayed
591,56,9,128882.49,1,1,1,196241.94,0,0,0,1,1,0.7218880340593556,High Risk,72.19,Churned,Churned
654,36,5,0.0,2,0,0,157238.05,0,1,0,0,0,0.47811853448769304,Medium Risk,47.81,Stayed,Stayed
649,20,5,0.0,2,1,1,58309.54,0,1,1,0,0,0.052608728895230425,Low Risk,5.26,Stayed,Stayed
640,29,4,0.0,2,1,0,44904.26,0,0,0,0,0,0.3045791847006672,Low Risk,30.46,Stayed,Stayed
600,39,5,0.0,2,0,0,118272.07,0,0,0,0,1,0.5249764579549976,Medium Risk,52.5,Stayed,Churned
631,32,10,0.0,2,0,1,196342.66,0,0,1,0,0,0.1350380874062443,Low Risk,13.5,Stayed,Stayed
850,44,2,112755.34,2,0,0,158171.36,1,0,1,0,1,0.7122955007070715,High Risk,71.23,Stayed,Churned
556,43,6,0.0,3,0,0,125154.57,0,0,0,1,1,0.5853326353504984,Medium Risk,58.53,Churned,Churned
717,49,1,110864.38,2,1,1,124532.9,0,1,0,1,1,0.5500946150977041,Medium Risk,55.01,Churned,Churned
758,61,2,0.0,2,1,1,43982.41,0,1,1,0,1,0.5352174497444504,Medium Risk,53.52,Stayed,Churned
515,40,10,121355.99,1,1,0,138360.29,0,1,1,0,1,0.5295910584293918,Medium Risk,52.96,Stayed,Churned
649,37,8,114737.26,1,1,1,106655.88,1,0,0,1,1,0.5416824715945152,Medium Risk,54.17,Churned,Churned
566,36,1,142120.91,1,1,0,79616.37,0,0,1,0,0,0.4446728776833705,Medium Risk,44.47,Stayed,Stayed
760,34,6,58003.41,1,1,0,90346.1,1,0,0,0,1,0.6369859742019233,High Risk,63.7,Stayed,Churned
662,37,5,94901.09,1,1,1,48233.75,0,1,1,0,0,0.2228041245535687,Low Risk,22.28,Stayed,Stayed
559,27,1,0.0,1,0,1,1050.33,0,1,0,0,0,0.17007410380510857,Low Risk,17.01,Stayed,Stayed
605,19,8,166133.28,1,1,1,107994.99,1,0,1,0,0,0.17290746617748956,Low Risk,17.29,Stayed,Stayed
646,32,1,0.0,2,1,0,183289.22,0,1,1,0,0,0.27835972597116604,Low Risk,27.84,Stayed,Stayed
753,38,6,142263.45,1,0,1,33730.43,0,0,0,0,0,0.3589727903664175,Low Risk,35.9,Stayed,Stayed
696,36,3,0.0,3,1,0,65039.9,0,1,0,0,0,0.41035407271705837,Medium Risk,41.04,Stayed,Stayed
521,22,5,0.0,2,1,1,99828.45,0,0,1,0,0,0.06649634380072088,Low Risk,6.65,Stayed,Stayed
632,27,4,193125.85,1,1,1,152665.85,0,0,1,0,0,0.1592409313965247,Low Risk,15.92,Stayed,Stayed
706,18,2,176139.5,2,1,0,129654.22,0,0,1,0,0,0.1563784258136935,Low Risk,15.64,Stayed,Stayed
821,38,8,0.0,2,0,1,126241.4,0,1,0,1,0,0.2654338353582038,Low Risk,26.54,Churned,Stayed
620,44,8,0.0,2,1,1,15627.51,0,1,1,0,0,0.25096626881054496,Low Risk,25.1,Stayed,Stayed
648,37,7,138503.51,2,1,0,57215.85,1,0,0,0,1,0.7279067021154035,High Risk,72.79,Stayed,Churned
428,62,1,107735.93,1,0,1,58381.77,0,0,0,0,1,0.8173398296646562,High Risk,81.73,Stayed,Churned
542,59,2,68892.77,2,1,0,7905.06,0,0,0,1,1,0.8485092665006561,High Risk,84.85,Churned,Churned
504,40,5,0.0,2,0,0,146703.36,0,1,1,0,0,0.4492359750178024,Medium Risk,44.92,Stayed,Stayed
817,44,8,0.0,1,0,0,65501.91,0,0,1,1,0,0.44312818670153176,Medium Risk,44.31,Churned,Stayed
696,66,7,119499.42,2,1,1,174027.3,1,0,0,0,1,0.9100270572463719,High Risk,91.0,Stayed,Churned
529,32,9,147493.89,1,1,0,33656.35,0,0,1,0,0,0.3610289338478042,Low Risk,36.1,Stayed,Stayed
540,25,5,116160.23,1,1,0,13411.67,0,0,1,0,0,0.23248996939052094,Low Risk,23.25,Stayed,Stayed
616,23,8,73112.95,1,1,1,62733.05,0,0,1,0,0,0.08332758354946823,Low Risk,8.33,Stayed,Stayed
696,31,8,122021.92,2,1,0,33828.64,1,0,0,0,1,0.6011018707263258,High Risk,60.11,Stayed,Churned
596,36,2,0.0,2,0,1,125557.95,0,1,1,0,0,0.18605680163986443,Low Risk,18.61,Stayed,Stayed
632,27,3,107375.82,1,1,1,62703.38,0,0,0,0,0,0.192843514151917,Low Risk,19.28,Stayed,Stayed
814,29,8,97086.4,2,1,1,197276.13,1,0,1,0,0,0.2301854728515922,Low Risk,23.02,Stayed,Stayed
750,34,9,112822.26,1,0,0,150401.53,0,1,0,1,1,0.5147415968759627,Medium Risk,51.47,Churned,Churned
595,53,7,0.0,2,1,0,41371.68,0,0,0,1,1,0.7351080650120658,High Risk,73.51,Churned,Churned
646,45,3,47134.75,1,1,1,57236.44,0,0,0,0,0,0.4383657492127747,Medium Risk,43.84,Stayed,Stayed
747,32,5,67495.04,2,0,1,77370.37,1,0,0,0,0,0.384281180568468,Low Risk,38.43,Stayed,Stayed
646,26,4,139848.17,1,1,0,164696.27,0,0,1,0,0,0.2675401560062303,Low Risk,26.75,Stayed,Stayed
678,36,3,145747.67,2,0,1,89566.74,1,0,1,0,0,0.39966462507546313,Low Risk,39.97,Stayed,Stayed
554,26,8,149134.46,1,1,1,177966.24,0,1,1,0,0,0.1490349341734165,Low Risk,14.9,Stayed,Stayed
655,24,9,107065.31,1,1,1,51959.82,0,0,1,0,0,0.09303116943116467,Low Risk,9.3,Stayed,Stayed
794,38,9,179581.31,1,1,0,23596.24,0,1,1,0,0,0.4462514812642394,Medium Risk,44.63,Stayed,Stayed
727,59,5,152581.06,1,1,0,71830.1,1,0,1,1,1,0.9008460236669281,High Risk,90.08,Churned,Churned
677,58,1,90022.85,1,0,1,2988.28,0,0,0,0,1,0.7048207801950183,High Risk,70.48,Stayed,Churned
616,29,8,149318.55,1,1,0,140746.13,1,0,1,0,1,0.5133438706921023,Medium Risk,51.33,Stayed,Churned
595,32,0,92466.21,1,1,0,4721.3,1,0,0,0,1,0.650121245648317,High Risk,65.01,Stayed,Churned
723,28,5,91938.31,1,1,0,143481.85,1,0,0,0,1,0.5714189070511165,Medium Risk,57.14,Stayed,Churned
815,37,2,110777.26,2,1,0,2383.59,1,0,1,0,1,0.5479730354944709,Medium Risk,54.8,Stayed,Churned
790,26,4,141581.71,2,0,0,98309.27,0,0,0,0,0,0.3377411939717613,Low Risk,33.77,Stayed,Stayed
663,37,8,155303.71,1,1,0,118716.63,1,0,0,0,1,0.7622071752858967,High Risk,76.22,Stayed,Churned
542,42,1,0.0,1,1,1,178256.58,0,0,0,1,0,0.4022974850953251,Medium Risk,40.23,Churned,Stayed
712,45,6,112994.65,1,0,0,198398.68,0,1,1,0,1,0.6098296387442812,High Risk,60.98,Stayed,Churned
787,42,2,74483.97,2,0,1,44273.91,1,0,0,0,1,0.5657097811640197,Medium Risk,56.57,Stayed,Churned
850,62,5,0.0,2,1,1,180243.56,0,1,1,0,1,0.5584394891645958,Medium Risk,55.84,Stayed,Churned
483,50,9,0.0,2,1,1,111020.24,0,0,0,0,1,0.5140620739671233,Medium Risk,51.41,Stayed,Churned
704,36,8,127397.34,1,1,0,151335.24,0,1,1,0,0,0.4218443405721639,Medium Risk,42.18,Stayed,Stayed
716,29,10,87946.39,1,1,1,182531.74,0,0,0,0,0,0.20590170829386997,Low Risk,20.59,Stayed,Stayed
597,26,8,149989.39,1,1,0,42330.58,0,0,0,0,0,0.3725663973731373,Low Risk,37.26,Stayed,Stayed
748,44,2,92911.52,1,0,1,85495.24,0,0,1,0,0,0.3245873741015749,Low Risk,32.46,Stayed,Stayed
850,33,10,0.0,1,1,0,4861.72,0,0,1,1,0,0.2257950599146738,Low Risk,22.58,Churned,Stayed
648,55,1,81370.07,1,0,1,181534.04,0,1,1,0,1,0.5767114098507162,Medium Risk,57.67,Stayed,Churned
578,50,5,151215.34,2,1,0,169804.4,0,0,1,0,1,0.6928162517878697,High Risk,69.28,Stayed,Churned
607,37,4,135927.06,1,0,0,180890.4,1,0,0,0,1,0.7876820903736101,High Risk,78.77,Stayed,Churned
850,41,8,132838.07,1,1,1,175347.28,0,1,1,0,0,0.2860284730469025,Low Risk,28.6,Stayed,Stayed
509,35,8,0.0,2,0,1,67431.28,0,0,1,0,0,0.16532808955652392,Low Risk,16.53,Stayed,Stayed
465,41,9,117221.15,1,1,0,168280.95,0,0,1,0,1,0.5512255677013782,Medium Risk,55.12,Stayed,Churned
710,40,5,0.0,2,0,0,162878.96,0,0,1,0,0,0.39396954094039793,Low Risk,39.4,Stayed,Stayed
591,39,3,0.0,3,1,0,140469.38,0,1,0,1,1,0.5067957310860952,Medium Risk,50.68,Churned,Churned
728,46,2,109705.52,1,1,0,20276.87,0,0,0,1,1,0.6878632288769198,High Risk,68.79,Churned,Churned
492,45,9,170295.04,2,0,0,164741.81,1,0,1,0,1,0.8066268473820343,High Risk,80.66,Stayed,Churned
616,36,10,78249.53,1,1,0,136934.91,1,0,0,0,1,0.7143684300524821,High Risk,71.44,Stayed,Churned
646,24,8,0.0,2,0,0,92612.88,0,0,1,0,0,0.15799735610092108,Low Risk,15.8,Stayed,Stayed
779,71,3,0.0,2,1,1,146895.36,0,0,1,1,1,0.7135652509187821,High Risk,71.36,Churned,Churned
683,39,2,100062.16,2,1,0,109201.43,1,0,0,0,1,0.7454839228213271,High Risk,74.55,Stayed,Churned
463,35,2,0.0,2,1,1,1950.93,0,1,0,0,0,0.25661965404451687,Low Risk,25.66,Stayed,Stayed
736,63,10,0.0,2,0,1,502.7,0,0,0,0,1,0.6865691679634379,High Risk,68.66,Stayed,Churned
640,63,2,68432.45,2,1,1,112503.24,0,0,1,1,1,0.6451891428996307,High Risk,64.52,Churned,Churned
670,33,9,84521.48,2,0,1,198017.05,1,0,0,0,0,0.45078922977082625,Medium Risk,45.08,Stayed,Stayed
549,31,4,0.0,2,0,1,25684.85,0,0,1,0,0,0.12231674731116089,Low Risk,12.23,Stayed,Stayed
579,39,5,0.0,2,0,1,39891.84,0,0,1,0,0,0.2006430912593378,Low Risk,20.06,Stayed,Stayed
594,49,4,0.0,2,1,1,23631.55,0,0,0,0,0,0.4589662418823048,Medium Risk,45.9,Stayed,Stayed
515,25,7,79543.59,1,0,1,38772.82,0,0,0,0,0,0.1773364171382603,Low Risk,17.73,Stayed,Stayed
593,46,2,76597.79,1,1,1,54453.72,0,1,0,0,1,0.5046753851627096,Medium Risk,50.47,Stayed,Churned
750,26,1,151510.17,2,1,1,19921.72,0,0,0,0,0,0.1660794645967154,Low Risk,16.61,Stayed,Stayed
526,30,8,0.0,1,1,0,36251.0,0,1,1,0,0,0.2549242863495966,Low Risk,25.49,Stayed,Stayed
506,59,8,119152.1,2,1,1,170679.74,1,0,1,0,1,0.8013481042433546,High Risk,80.13,Stayed,Churned
607,34,9,132439.99,1,1,0,177747.72,0,1,1,0,0,0.41360388513858626,Medium Risk,41.36,Stayed,Stayed
708,67,1,0.0,2,0,1,3837.08,0,0,0,0,1,0.7641463317529612,High Risk,76.41,Stayed,Churned
683,34,9,114609.55,2,0,1,25339.29,0,1,1,0,0,0.17988513792596197,Low Risk,17.99,Stayed,Stayed
730,41,4,167545.32,1,1,0,128246.81,0,0,0,0,1,0.6576247092443768,High Risk,65.76,Stayed,Churned
551,45,6,0.0,2,1,1,51143.43,0,0,0,0,0,0.3967064155652723,Low Risk,39.67,Stayed,Stayed
530,37,8,0.0,2,1,1,287.99,0,0,1,0,0,0.16597746505108732,Low Risk,16.6,Stayed,Stayed
786,33,0,83036.05,1,0,1,154990.58,0,0,0,1,0,0.266636890428565,Low Risk,26.66,Churned,Stayed
574,30,5,120355.0,1,1,0,137793.35,0,1,1,0,0,0.33909605210940286,Low Risk,33.91,Stayed,Stayed
723,40,7,142856.95,2,0,0,38019.74,0,0,0,0,1,0.5949709226591777,Medium Risk,59.5,Stayed,Churned
543,37,3,0.0,2,1,1,78915.68,0,1,1,0,0,0.18709184516255883,Low Risk,18.71,Stayed,Stayed
807,31,1,141069.18,3,1,1,194257.11,1,0,0,0,0,0.3931698606262537,Low Risk,39.32,Stayed,Stayed
598,27,8,90721.52,2,1,0,109296.18,0,1,1,0,0,0.24140965761514632,Low Risk,24.14,Stayed,Stayed
604,28,6,0.0,2,1,1,69056.26,0,1,0,0,0,0.15565284957740125,Low Risk,15.57,Stayed,Stayed
780,26,3,140356.7,1,1,0,117144.15,0,0,0,0,0,0.35090921473008013,Low Risk,35.09,Stayed,Stayed
453,28,3,139986.65,1,1,0,136846.75,1,0,0,0,1,0.6623700484399918,High Risk,66.24,Stayed,Churned
569,42,9,146100.75,1,1,0,32574.01,1,0,0,1,1,0.8208553583316404,High Risk,82.09,Churned,Churned
768,36,3,141334.95,1,0,1,125870.5,0,0,0,0,0,0.343515845323013,Low Risk,34.35,Stayed,Stayed
723,34,5,0.0,2,0,1,12092.03,0,0,1,0,0,0.1281355811094476,Low Risk,12.81,Stayed,Stayed
604,53,2,121389.78,1,1,1,48201.64,0,0,0,1,1,0.6473808880743354,High Risk,64.74,Churned,Churned
594,28,0,142574.71,2,1,0,129084.82,1,0,1,0,0,0.48013844489731095,Medium Risk,48.01,Stayed,Stayed
675,61,5,62055.17,3,1,0,166305.16,0,0,0,1,1,0.8528141916651609,High Risk,85.28,Churned,Churned
654,37,2,145610.07,2,0,0,186300.59,1,0,1,0,1,0.6609538501573536,High Risk,66.1,Stayed,Churned
566,63,2,120787.18,2,1,1,52198.84,0,1,1,0,1,0.693094995739107,High Risk,69.31,Stayed,Churned
596,37,2,0.0,1,0,1,121175.86,0,0,1,0,0,0.2043026033004126,Low Risk,20.43,Stayed,Stayed
616,30,2,0.0,2,1,0,199099.51,0,1,1,0,0,0.2553103604081757,Low Risk,25.53,Stayed,Stayed
731,33,1,0.0,1,1,0,130726.96,0,1,1,0,0,0.2890200420521709,Low Risk,28.9,Stayed,Stayed
727,46,3,115248.11,4,1,0,130752.01,1,0,1,1,1,0.7064405226875395,High Risk,70.64,Churned,Churned
561,28,3,0.0,2,1,0,191387.76,0,1,0,0,0,0.3453304175879455,Low Risk,34.53,Stayed,Stayed
651,25,8,0.0,2,1,1,126761.2,0,0,0,0,0,0.12138447304029609,Low Risk,12.14,Stayed,Stayed
599,41,2,91328.71,1,1,0,115724.78,0,0,0,0,1,0.6359515617205448,High Risk,63.6,Stayed,Churned
587,41,8,85109.21,1,1,0,1557.82,0,1,1,0,0,0.4800060315272523,Medium Risk,48.0,Stayed,Stayed
686,38,2,93569.86,3,0,0,10137.34,1,0,0,1,1,0.702771235222901,High Risk,70.28,Churned,Churned
724,34,6,118235.7,2,0,0,157137.23,1,0,1,0,1,0.561426389683762,Medium Risk,56.14,Stayed,Churned
720,21,2,123200.78,1,1,1,180712.28,0,1,1,0,0,0.09074710782791807,Low Risk,9.07,Stayed,Stayed
806,48,4,164701.68,1,1,1,21439.49,0,0,1,0,0,0.3972740786017532,Low Risk,39.73,Stayed,Stayed
769,29,4,145471.37,1,1,0,188382.77,0,0,1,0,0,0.2988437811534475,Low Risk,29.88,Stayed,Stayed
613,37,9,108286.5,1,1,1,114153.44,0,0,1,0,0,0.2331288359635443,Low Risk,23.31,Stayed,Stayed
591,38,2,142289.28,1,0,1,119638.85,0,0,0,0,0,0.41776399886583027,Medium Risk,41.78,Stayed,Stayed
807,35,3,174790.15,1,1,1,600.36,0,0,1,0,0,0.1991736355287291,Low Risk,19.92,Stayed,Stayed
655,61,2,183997.7,2,1,1,161217.18,1,0,0,0,1,0.8978193328298751,High Risk,89.78,Stayed,Churned
553,39,1,142876.98,2,1,0,44363.42,0,1,0,0,1,0.6206075665040897,High Risk,62.06,Stayed,Churned
669,50,4,149713.61,3,1,1,124872.42,0,0,1,1,0,0.4278609270434775,Medium Risk,42.79,Churned,Stayed
635,41,4,103544.88,2,1,0,193746.55,0,0,1,0,0,0.49235030622799614,Medium Risk,49.24,Stayed,Stayed
749,37,7,0.0,2,1,0,20306.79,0,0,1,0,0,0.288529446126695,Low Risk,28.85,Stayed,Stayed
691,26,9,136623.19,1,1,0,153228.0,0,0,1,0,0,0.24984638435638415,Low Risk,24.98,Stayed,Stayed
589,21,3,0.0,2,0,1,55601.44,0,0,0,0,0,0.10076208799434055,Low Risk,10.08,Stayed,Stayed
778,33,9,151772.63,2,0,0,180249.94,0,0,0,1,0,0.4847867069586757,Medium Risk,48.48,Churned,Stayed
541,32,4,0.0,1,1,1,114951.42,0,0,0,0,0,0.22582064131005208,Low Risk,22.58,Stayed,Stayed
758,50,2,95813.76,3,1,1,67944.09,0,0,0,1,0,0.4967114682207419,Medium Risk,49.67,Churned,Stayed
559,29,3,79715.36,1,1,0,82252.28,0,0,0,0,0,0.4039602484503926,Medium Risk,40.4,Stayed,Stayed
690,42,5,0.0,2,0,1,120512.08,0,0,0,0,0,0.3461662226136348,Low Risk,34.62,Stayed,Stayed
846,34,10,142388.61,2,0,1,68393.64,0,0,0,1,0,0.2567763786821383,Low Risk,25.68,Churned,Stayed
567,40,4,118628.8,1,0,0,91973.63,0,1,1,0,1,0.5328596909997773,Medium Risk,53.29,Stayed,Churned
486,40,9,71340.09,1,1,0,76192.21,1,0,0,0,1,0.7811136197962265,High Risk,78.11,Stayed,Churned
707,48,7,105086.74,1,1,1,180344.69,1,0,0,1,1,0.7304618820206152,High Risk,73.05,Churned,Churned
581,47,1,122949.14,1,0,0,180251.68,0,0,0,1,1,0.7778653114983087,High Risk,77.79,Churned,Churned
460,40,6,119507.58,2,1,0,91560.63,1,0,0,1,1,0.7966190123845955,High Risk,79.66,Churned,Churned
607,40,1,112544.45,1,1,1,19842.22,0,1,1,0,0,0.2848590663229712,Low Risk,28.49,Stayed,Stayed
701,35,9,0.0,2,0,0,170996.86,0,1,0,0,0,0.4452116450960957,Medium Risk,44.52,Stayed,Stayed
600,32,7,98877.95,1,1,0,132973.21,0,0,0,0,0,0.46886614229447016,Medium Risk,46.89,Stayed,Stayed
426,34,9,0.0,2,1,0,107876.91,0,0,1,0,0,0.31526612942646476,Low Risk,31.53,Stayed,Stayed
787,39,7,171646.76,1,0,1,100791.36,0,1,0,0,0,0.4149600701304341,Medium Risk,41.5,Stayed,Stayed
666,59,8,152614.51,2,1,1,188782.3,1,0,0,0,1,0.8707588309623948,High Risk,87.08,Stayed,Churned
735,44,9,120681.63,1,1,0,74836.34,0,0,1,0,1,0.5294877966154107,Medium Risk,52.95,Stayed,Churned
711,32,5,0.0,2,1,1,147720.27,0,1,1,0,0,0.12413574793273323,Low Risk,12.41,Stayed,Stayed
709,39,9,124723.92,1,1,0,73641.86,1,0,0,0,1,0.7582689560613245,High Risk,75.83,Stayed,Churned
746,24,4,0.0,1,0,1,94105.0,0,0,0,0,0,0.12183310225096099,Low Risk,12.18,Stayed,Stayed
809,33,8,148055.74,1,0,0,199203.21,1,0,1,0,1,0.5748185475859546,Medium Risk,57.48,Stayed,Churned
596,20,3,187294.46,1,1,0,103456.47,0,1,1,0,0,0.21799946330821915,Low Risk,21.8,Stayed,Stayed
605,36,6,0.0,1,0,1,690.84,0,0,0,0,0,0.26324980723685176,Low Risk,26.32,Stayed,Stayed
614,50,4,137104.47,1,1,0,127166.49,0,0,1,1,1,0.6919460477882635,High Risk,69.19,Churned,Churned
741,52,1,171236.3,2,0,0,21834.4,0,0,1,1,1,0.6985450632469808,High Risk,69.85,Churned,Churned
635,41,1,0.0,2,1,0,175611.5,0,1,1,0,0,0.43442040151474454,Medium Risk,43.44,Stayed,Stayed
769,43,4,110182.54,2,1,1,87537.32,1,0,1,0,0,0.4665799994831132,Medium Risk,46.66,Stayed,Stayed
636,37,1,115137.26,1,1,0,52484.01,0,1,1,0,0,0.4368758191093299,Medium Risk,43.69,Stayed,Stayed
738,54,4,0.0,1,0,1,55725.04,0,0,1,1,0,0.4345536970484447,Medium Risk,43.46,Churned,Stayed
577,43,6,0.0,2,1,1,149457.81,0,1,1,0,0,0.2689471006379176,Low Risk,26.89,Stayed,Stayed
688,26,1,0.0,2,1,1,104435.94,0,0,1,0,0,0.07888162363100079,Low Risk,7.89,Stayed,Stayed
586,56,9,100781.75,2,1,1,54448.41,1,0,0,0,1,0.8146089869225406,High Risk,81.46,Stayed,Churned
637,33,2,145731.83,1,0,1,109219.43,0,0,1,0,0,0.2140442146694816,Low Risk,21.4,Stayed,Stayed
527,25,6,0.0,2,0,1,96758.58,0,0,0,0,0,0.14046950918272433,Low Risk,14.05,Stayed,Stayed
797,37,4,75263.7,1,1,0,85801.77,0,0,1,0,0,0.36422935175606064,Low Risk,36.42,Stayed,Stayed
605,27,9,0.0,2,1,0,198091.81,0,0,1,0,0,0.19927235141989758,Low Risk,19.93,Stayed,Stayed
530,25,9,162560.32,1,1,0,64129.03,0,0,1,0,0,0.2619780623742433,Low Risk,26.2,Stayed,Stayed
540,31,10,118158.74,1,1,1,158027.57,0,1,0,0,0,0.285016518884437,Low Risk,28.5,Stayed,Stayed
743,45,7,157332.26,1,1,0,125424.42,0,1,1,0,1,0.5994948681982447,Medium Risk,59.95,Stayed,Churned
622,58,7,116922.25,1,1,0,120415.61,1,0,0,1,1,0.937102565151767,High Risk,93.71,Churned,Churned
759,45,8,0.0,2,1,1,99251.24,0,0,0,0,0,0.35952290902740974,Low Risk,35.95,Stayed,Stayed
669,57,5,0.0,2,1,1,56875.76,0,0,1,0,0,0.4633567600142656,Medium Risk,46.34,Stayed,Stayed
693,31,2,0.0,2,1,1,107759.31,0,0,1,0,0,0.11058045029279245,Low Risk,11.06,Stayed,Stayed
583,59,7,127450.14,1,0,1,67552.71,0,0,1,0,1,0.6474550911112905,High Risk,64.75,Stayed,Churned
581,71,4,0.0,2,1,1,197562.08,0,0,1,0,1,0.7557423670215908,High Risk,75.57,Stayed,Churned
601,38,4,60013.81,1,1,1,38020.05,0,0,1,0,0,0.21849348320858394,Low Risk,21.85,Stayed,Stayed
607,48,4,112070.86,3,1,0,173568.3,0,0,0,1,1,0.7274738042349562,High Risk,72.75,Churned,Churned
741,32,5,0.0,1,1,1,64839.23,0,0,1,0,0,0.11815704109232582,Low Risk,11.82,Stayed,Stayed
558,32,4,108235.91,1,1,1,143783.28,1,0,1,0,0,0.34564422680053186,Low Risk,34.56,Stayed,Stayed
386,53,1,131955.07,1,1,1,62514.65,0,1,0,1,1,0.7126792084064555,High Risk,71.27,Churned,Churned
491,26,4,102251.14,1,1,1,145900.89,1,0,1,0,0,0.2592429204990594,Low Risk,25.92,Stayed,Stayed
443,50,3,117206.3,1,1,0,42840.18,1,0,1,1,1,0.8408897666407877,High Risk,84.09,Churned,Churned
586,38,2,136858.42,1,0,1,189143.94,1,0,1,0,0,0.49921602288126116,Medium Risk,49.92,Stayed,Stayed
616,43,3,120867.18,1,1,0,18761.92,0,1,0,1,1,0.6773517391092395,High Risk,67.74,Churned,Churned
615,59,8,0.0,2,1,1,165576.55,0,0,1,0,1,0.5325729577307191,Medium Risk,53.26,Stayed,Churned
597,45,7,0.0,2,0,0,167756.45,0,0,1,0,1,0.5108618959003937,Medium Risk,51.09,Stayed,Churned
515,41,8,0.0,2,1,1,185054.14,0,0,1,0,0,0.2435333982994934,Low Risk,24.35,Stayed,Stayed
696,30,0,0.0,2,1,1,9002.8,0,1,0,0,0,0.16308540203481953,Low Risk,16.31,Stayed,Stayed
540,48,2,109349.29,1,1,0,88703.04,0,0,1,1,1,0.6512269548819779,High Risk,65.12,Churned,Churned
691,31,5,40915.55,1,1,0,126213.84,0,0,0,1,0,0.391878175972659,Low Risk,39.19,Churned,Stayed
706,23,5,0.0,1,0,0,164128.41,0,0,0,1,0,0.2544828138975403,Low Risk,25.45,Churned,Stayed
802,40,5,0.0,2,1,1,175043.69,0,1,1,0,0,0.19743449899970872,Low Risk,19.74,Stayed,Stayed
685,23,5,164902.43,1,0,0,141152.28,0,1,1,0,0,0.24927376491680353,Low Risk,24.93,Stayed,Stayed
601,41,1,0.0,2,0,1,160607.06,0,0,0,0,0,0.3611173119977954,Low Risk,36.11,Stayed,Stayed
850,29,1,0.0,2,1,1,197996.65,0,1,0,0,0,0.1557040250788215,Low Risk,15.57,Stayed,Stayed
655,27,9,0.0,2,0,0,108008.05,0,1,0,0,0,0.30080449566331746,Low Risk,30.08,Stayed,Stayed
642,18,5,111183.53,2,0,1,10063.75,1,0,1,0,0,0.12717513333335176,Low Risk,12.72,Stayed,Stayed
536,35,8,0.0,1,1,0,171840.24,0,0,0,1,0,0.4776035818988866,Medium Risk,47.76,Churned,Stayed
667,33,4,127076.68,2,1,0,69011.66,1,0,0,0,1,0.6592222385335818,High Risk,65.92,Stayed,Churned
680,48,8,115115.38,1,1,0,139558.6,1,0,0,1,1,0.8690338897763835,High Risk,86.9,Churned,Churned
627,62,3,143426.34,2,1,1,143104.3,1,0,1,0,1,0.8307344275902747,High Risk,83.07,Stayed,Churned
836,41,7,150302.84,1,1,1,156036.19,0,1,0,0,0,0.42153910192326266,Medium Risk,42.15,Stayed,Stayed
777,43,1,0.0,2,1,0,21785.91,0,0,1,0,0,0.394029787272956,Low Risk,39.4,Stayed,Stayed
595,36,6,85768.42,1,1,1,24802.77,0,1,1,0,0,0.21114214637675363,Low Risk,21.11,Stayed,Stayed
621,43,8,0.0,1,0,0,102806.6,0,1,0,0,1,0.6241589457847869,High Risk,62.42,Stayed,Churned
649,41,4,115897.73,1,1,0,143544.48,1,0,0,0,1,0.8051610842156351,High Risk,80.52,Stayed,Churned
531,32,0,109570.21,2,1,1,172049.84,1,0,0,0,0,0.47213741561535383,Medium Risk,47.21,Stayed,Stayed
705,37,3,109974.22,1,1,1,36320.87,1,0,0,1,1,0.5184218606162037,Medium Risk,51.84,Churned,Churned
812,34,5,103818.43,1,1,1,166038.27,0,0,1,0,0,0.17658642157720303,Low Risk,17.66,Stayed,Stayed
416,32,0,0.0,2,0,1,878.87,0,0,1,0,0,0.1454949205540785,Low Risk,14.55,Stayed,Stayed
564,41,9,103522.75,2,1,1,34338.21,1,0,1,0,0,0.4502904761191165,Medium Risk,45.03,Stayed,Stayed
509,46,1,0.0,1,1,0,71244.59,0,0,0,1,1,0.6747123857299335,High Risk,67.47,Churned,Churned
850,22,2,0.0,2,1,1,9684.52,0,1,1,0,0,0.050064114809177836,Low Risk,5.01,Stayed,Stayed
532,40,5,0.0,2,0,1,177099.71,0,0,0,0,0,0.3552730722533112,Low Risk,35.53,Stayed,Stayed
602,35,8,0.0,1,1,1,22499.29,0,0,1,0,0,0.15278911031392517,Low Risk,15.28,Stayed,Stayed
685,43,9,0.0,2,1,0,107811.28,0,1,1,0,0,0.43332237246805844,Medium Risk,43.33,Stayed,Stayed
815,38,2,48387.0,1,1,0,184796.84,0,1,0,0,1,0.5323363897003344,Medium Risk,53.23,Stayed,Churned
850,40,0,0.0,2,1,0,1099.95,0,0,0,0,0,0.4527415417133476,Medium Risk,45.27,Stayed,Stayed
739,37,7,104960.46,1,0,1,80883.82,0,0,1,0,0,0.22089051130202333,Low Risk,22.09,Stayed,Stayed
674,34,2,152797.9,1,1,0,175709.4,1,0,1,1,1,0.613392308538789,High Risk,61.34,Churned,Churned
648,34,3,0.0,1,1,0,54726.43,0,0,0,0,0,0.4164168824325393,Medium Risk,41.64,Stayed,Stayed
582,50,6,96486.57,2,1,1,20344.02,1,0,0,0,1,0.7318669759724774,High Risk,73.19,Stayed,Churned
684,34,6,0.0,2,1,1,130928.22,0,0,0,0,0,0.21301283652394085,Low Risk,21.3,Stayed,Stayed
648,53,6,111201.41,1,1,1,121542.29,0,1,0,0,1,0.6531844399945241,High Risk,65.32,Stayed,Churned
686,39,4,157731.6,2,1,0,162820.6,1,0,0,0,1,0.7805521092709703,High Risk,78.06,Stayed,Churned
788,43,10,0.0,2,1,1,116111.51,0,0,0,0,0,0.3199283560501379,Low Risk,31.99,Stayed,Stayed
731,46,10,0.0,2,1,0,153015.42,0,1,1,0,0,0.48801710993221,Medium Risk,48.8,Stayed,Stayed
634,43,3,212696.32,1,1,0,115268.86,1,0,1,0,1,0.7845746324805587,High Risk,78.46,Stayed,Churned
505,40,6,47869.69,2,1,1,155061.97,1,0,1,0,0,0.43693255765369654,Medium Risk,43.69,Stayed,Stayed
464,38,3,116439.65,1,1,0,75574.48,0,0,1,0,0,0.4832876065422897,Medium Risk,48.33,Stayed,Stayed
650,41,3,128808.65,3,0,0,113677.53,0,1,1,1,0,0.49719616326311167,Medium Risk,49.72,Churned,Stayed
730,39,1,99010.67,1,1,0,194945.8,0,0,0,0,1,0.5951458511832645,Medium Risk,59.51,Stayed,Churned
530,55,4,120905.03,1,0,1,123475.88,0,0,0,1,1,0.7207453010267101,High Risk,72.07,Churned,Churned
612,42,10,75497.51,1,0,0,149682.78,0,0,0,0,1,0.6513791657986652,High Risk,65.14,Stayed,Churned
804,38,3,124197.22,1,1,0,74692.06,0,1,0,0,1,0.5621341837167046,Medium Risk,56.21,Stayed,Churned
640,47,6,89799.46,2,0,1,13783.77,0,0,0,1,0,0.48572407317228394,Medium Risk,48.57,Churned,Stayed
434,55,6,0.0,1,0,1,73562.05,0,1,1,1,1,0.5362191964400724,Medium Risk,53.62,Churned,Churned
640,43,9,172478.15,1,1,0,191084.4,0,1,1,1,1,0.6062237345061521,High Risk,60.62,Churned,Churned
473,40,8,152576.25,2,1,0,73073.68,1,0,1,0,1,0.7048848863859382,High Risk,70.49,Stayed,Churned
601,49,4,96252.98,2,1,0,104263.82,1,0,0,0,1,0.8678780954522012,High Risk,86.79,Stayed,Churned
749,33,10,76692.22,1,0,1,30396.43,1,0,0,0,0,0.41441897724456145,Medium Risk,41.44,Stayed,Stayed
822,50,7,0.0,2,1,1,10062.8,0,0,1,0,0,0.2947700459279148,Low Risk,29.48,Stayed,Stayed
649,36,2,0.0,2,0,1,75035.48,0,0,0,0,0,0.25415221681829575,Low Risk,25.42,Stayed,Stayed
719,48,5,0.0,2,0,0,78563.66,0,1,0,0,1,0.6678871248799928,High Risk,66.79,Stayed,Churned
554,39,10,0.0,2,1,1,18391.93,0,0,0,0,0,0.28214527491982727,Low Risk,28.21,Stayed,Stayed
726,26,1,80780.16,1,1,1,19225.85,0,1,0,0,0,0.16279485828570528,Low Risk,16.28,Stayed,Stayed
803,45,7,0.0,2,1,1,128378.04,0,1,0,0,0,0.37060685078398287,Low Risk,37.06,Stayed,Stayed
850,32,2,128647.98,2,0,0,54416.18,1,0,1,0,0,0.4864642039773561,Medium Risk,48.65,Stayed,Stayed
666,38,6,127043.09,1,1,1,8247.0,0,0,0,0,0,0.3460793207943637,Low Risk,34.61,Stayed,Stayed
537,28,3,157842.07,1,1,0,86911.49,0,0,1,0,0,0.3169718013305028,Low Risk,31.7,Stayed,Stayed
504,43,5,134740.19,2,1,0,181430.91,1,0,1,0,1,0.7569229014983561,High Risk,75.69,Stayed,Churned
626,52,0,0.0,2,1,0,32159.46,0,0,0,1,1,0.7219085972234897,High Risk,72.19,Churned,Churned
696,28,4,172646.82,1,1,1,116471.43,0,0,1,0,0,0.1499378979959158,Low Risk,14.99,Stayed,Stayed
602,29,5,103907.28,1,1,0,161229.84,0,1,1,0,0,0.3111999550657054,Low Risk,31.12,Stayed,Stayed
670,30,3,133446.34,1,0,0,3154.95,0,1,1,0,0,0.32016753636143785,Low Risk,32.02,Stayed,Stayed
511,48,6,149726.08,1,0,0,88307.87,1,0,1,1,1,0.8365854132025294,High Risk,83.66,Churned,Churned
529,31,6,152310.55,1,1,0,13054.25,0,0,0,0,0,0.47870502024083006,Medium Risk,47.87,Stayed,Stayed
637,44,2,0.0,2,1,0,149665.65,0,0,0,0,1,0.6047024049637122,High Risk,60.47,Stayed,Churned
520,30,4,145222.99,2,0,0,145160.96,0,1,0,0,0,0.49543918692203626,Medium Risk,49.54,Stayed,Stayed
565,34,7,0.0,1,0,0,74593.84,0,0,1,0,0,0.32115404757826355,Low Risk,32.12,Stayed,Stayed
559,28,3,152264.81,1,0,0,64242.31,1,0,0,0,1,0.6498832061535311,High Risk,64.99,Stayed,Churned
689,55,4,0.0,2,1,1,58442.25,0,1,0,0,1,0.5727060569770464,Medium Risk,57.27,Stayed,Churned
673,59,0,178058.06,2,0,1,21063.71,0,0,1,1,1,0.6398641363260171,High Risk,63.99,Churned,Churned
645,31,1,128927.93,1,1,1,2850.01,1,0,0,0,0,0.4274528692639148,Medium Risk,42.75,Stayed,Stayed
541,39,6,109844.81,1,1,0,25289.23,0,0,0,0,1,0.5997342338528647,Medium Risk,59.97,Stayed,Churned
758,39,6,127357.76,1,0,1,56577.0,0,0,0,0,0,0.37049793452224733,Low Risk,37.05,Stayed,Stayed
483,30,9,0.0,2,0,0,136356.97,0,0,0,0,0,0.37985257602050393,Low Risk,37.99,Stayed,Stayed
575,43,3,0.0,1,1,0,83594.51,0,1,1,0,0,0.48696032582778737,Medium Risk,48.7,Stayed,Stayed
526,35,5,0.0,2,1,1,105618.14,0,1,1,0,0,0.1686079621904501,Low Risk,16.86,Stayed,Stayed
612,31,8,117989.76,1,1,1,54129.86,0,0,0,0,0,0.24619758707662803,Low Risk,24.62,Stayed,Stayed
605,33,4,0.0,2,0,1,83700.66,0,0,0,0,0,0.21911849048979973,Low Risk,21.91,Stayed,Stayed
633,32,1,104001.38,1,0,1,36642.65,0,0,0,0,0,0.26863840586198395,Low Risk,26.86,Stayed,Stayed
661,30,7,0.0,2,1,0,72196.57,0,0,0,0,0,0.3178198210350481,Low Risk,31.78,Stayed,Stayed
633,33,3,0.0,2,1,0,191111.02,0,0,0,0,0,0.4063047725680336,Medium Risk,40.63,Stayed,Stayed
644,37,6,117271.8,2,1,0,104217.96,0,0,1,1,0,0.4021349060421653,Medium Risk,40.21,Churned,Stayed
505,37,10,122453.97,2,1,1,52693.99,1,0,0,0,1,0.5396614999134941,Medium Risk,53.97,Stayed,Churned
679,39,7,91187.9,1,0,1,6075.36,0,1,0,0,0,0.36435606181097363,Low Risk,36.44,Stayed,Stayed
551,38,10,0.0,2,1,1,216.27,0,0,0,0,0,0.2643793734425642,Low Risk,26.44,Stayed,Stayed
665,39,10,46323.57,1,1,0,136812.02,0,0,1,0,0,0.410631414089463,Medium Risk,41.06,Stayed,Stayed
751,38,7,0.0,2,0,0,90839.61,0,1,1,0,0,0.3449962759708606,Low Risk,34.5,Stayed,Stayed
788,37,8,141541.25,1,0,0,66013.27,0,1,1,0,0,0.43033813742582644,Medium Risk,43.03,Stayed,Stayed
684,27,2,134603.88,1,1,1,71725.73,0,0,1,0,0,0.12628841018011472,Low Risk,12.63,Stayed,Stayed
717,35,5,103214.71,1,1,0,172172.7,1,0,0,0,1,0.7075255775982878,High Risk,70.75,Stayed,Churned
679,32,0,88335.05,1,0,0,159584.81,1,0,0,0,1,0.6765902815546777,High Risk,67.66,Stayed,Churned
521,77,6,0.0,2,1,1,49054.1,0,0,0,0,1,0.8853151932987523,High Risk,88.53,Stayed,Churned
726,31,9,0.0,2,1,1,106117.3,0,0,1,0,0,0.1032574233359759,Low Risk,10.33,Stayed,Stayed
547,42,1,142703.4,1,1,0,86207.49,1,0,0,1,1,0.8363975987541219,High Risk,83.64,Churned,Churned
504,34,0,54980.81,1,1,1,136909.88,0,1,1,0,0,0.20793238271632652,Low Risk,20.79,Stayed,Stayed
754,39,8,129401.87,1,1,1,87684.93,1,0,0,0,1,0.5620369570079614,Medium Risk,56.2,Stayed,Churned
775,36,2,109949.05,2,0,1,71682.54,1,0,1,0,0,0.3532929043686563,Low Risk,35.33,Stayed,Stayed
714,46,1,0.0,1,1,0,152167.79,0,0,1,1,1,0.5172575708867402,Medium Risk,51.73,Churned,Churned
568,36,10,153610.61,1,1,1,54083.8,0,1,0,1,0,0.36456235794796654,Low Risk,36.46,Churned,Stayed
704,27,5,147004.34,1,1,0,64381.33,1,0,1,1,0,0.44210209867087424,Medium Risk,44.21,Churned,Stayed
719,61,5,0.0,2,0,1,29132.43,0,0,1,0,1,0.539398514302109,Medium Risk,53.94,Stayed,Churned
828,42,10,0.0,1,1,1,186071.14,0,1,1,0,0,0.2320023933569109,Low Risk,23.2,Stayed,Stayed
615,32,7,92199.84,1,1,1,2755.53,0,0,1,0,0,0.1539516599050859,Low Risk,15.4,Stayed,Stayed
621,46,6,141078.37,1,0,0,34580.8,1,0,1,1,1,0.7874700611192379,High Risk,78.75,Churned,Churned
622,23,8,0.0,2,1,1,131389.39,0,1,0,0,0,0.11444072674780813,Low Risk,11.44,Stayed,Stayed
589,28,7,0.0,2,1,0,151645.96,0,0,1,0,0,0.20946572936144625,Low Risk,20.95,Stayed,Stayed
754,47,1,185513.67,1,1,0,27438.83,0,0,0,0,1,0.7445117879477295,High Risk,74.45,Stayed,Churned
549,36,6,139422.37,1,0,0,83983.39,1,0,1,1,1,0.6574007362818228,High Risk,65.74,Churned,Churned
490,33,1,0.0,2,1,1,80792.83,0,0,1,0,0,0.1459623679452553,Low Risk,14.6,Stayed,Stayed
643,30,5,94443.77,1,1,1,165614.4,0,0,1,0,0,0.15203101574350444,Low Risk,15.2,Stayed,Stayed
548,38,0,178056.54,2,1,0,38434.73,0,1,1,0,0,0.4935196896709449,Medium Risk,49.35,Stayed,Stayed
651,46,4,89743.05,1,1,0,156425.57,0,1,0,1,1,0.7242331489909951,High Risk,72.42,Churned,Churned
678,55,5,0.0,1,0,1,196794.11,0,0,0,1,1,0.6298723581469342,High Risk,62.99,Churned,Churned
407,37,1,0.0,1,1,1,49161.12,0,1,1,1,0,0.2209201041495542,Low Risk,22.09,Churned,Stayed
683,30,1,113257.2,1,1,1,65035.02,0,1,1,0,0,0.1532924584370034,Low Risk,15.33,Stayed,Stayed
629,45,7,129818.39,3,1,0,9217.55,1,0,0,1,1,0.8091610463579624,High Risk,80.92,Churned,Churned
736,27,5,51522.75,1,0,1,192131.77,0,0,1,0,0,0.11311294889543536,Low Risk,11.31,Stayed,Stayed
538,31,0,0.0,2,0,0,179453.66,0,1,0,0,0,0.4226802919025754,Medium Risk,42.27,Stayed,Stayed
655,37,9,121342.24,1,1,1,180241.44,1,0,1,0,0,0.42354272242308993,Medium Risk,42.35,Stayed,Stayed
738,33,3,122134.4,2,0,1,27867.59,0,1,0,0,0,0.26239753825338036,Low Risk,26.24,Stayed,Stayed
588,59,4,0.0,2,1,1,27435.41,0,1,1,0,1,0.5285926798646556,Medium Risk,52.86,Stayed,Churned
736,57,9,95295.39,1,1,0,28434.44,1,0,1,1,1,0.8606072443010077,High Risk,86.06,Churned,Churned
623,40,5,118788.57,1,1,0,192867.4,0,0,1,0,1,0.5097542541217192,Medium Risk,50.98,Stayed,Churned
549,45,6,124240.93,1,1,1,146372.51,1,0,1,0,1,0.597399526209412,Medium Risk,59.74,Stayed,Churned
630,31,0,0.0,2,1,1,34475.14,0,0,1,0,0,0.1110998017058594,Low Risk,11.11,Stayed,Stayed
494,35,9,112727.06,2,1,0,183752.91,0,0,0,0,1,0.5426450459255516,Medium Risk,54.26,Stayed,Churned
671,36,2,116695.27,1,0,0,193201.86,1,0,1,0,1,0.6456088372423214,High Risk,64.56,Stayed,Churned
785,38,1,0.0,1,1,0,134964.85,0,0,0,1,0,0.48184183052586665,Medium Risk,48.18,Churned,Stayed
724,29,4,0.0,1,1,0,8982.75,0,0,1,0,0,0.20090522301314442,Low Risk,20.09,Stayed,Stayed
532,42,1,159024.71,1,1,0,100982.93,0,0,1,1,1,0.5822542021449343,Medium Risk,58.23,Churned,Churned
747,29,7,117726.33,1,1,1,175398.34,1,0,1,0,0,0.2685235185639349,Low Risk,26.85,Stayed,Stayed
598,43,5,0.0,3,1,1,100722.72,0,0,0,1,0,0.3400584731731201,Low Risk,34.01,Churned,Stayed
647,35,3,192407.97,1,1,1,40145.28,1,0,1,0,0,0.41646401247375425,Medium Risk,41.65,Stayed,Stayed
590,43,8,0.0,2,1,1,143628.31,0,0,1,0,0,0.2525266855068531,Low Risk,25.25,Stayed,Stayed
713,38,7,144606.22,1,1,1,56594.36,1,0,0,1,1,0.5578005552578702,Medium Risk,55.78,Churned,Churned
791,36,6,111168.97,1,1,1,189969.91,0,0,1,0,0,0.20865832270063264,Low Risk,20.87,Stayed,Stayed
620,29,1,138740.24,2,0,0,154700.61,0,0,0,0,0,0.44266645161306106,Medium Risk,44.27,Stayed,Stayed
637,30,1,122185.53,1,1,0,102566.46,1,0,1,1,1,0.5114872580739371,Medium Risk,51.15,Churned,Churned
544,32,9,110728.39,1,1,1,14559.62,0,0,0,0,0,0.2605084524364603,Low Risk,26.05,Stayed,Stayed
637,40,6,0.0,2,1,1,181610.6,0,1,0,0,0,0.3301740700057833,Low Risk,33.02,Stayed,Stayed
658,42,8,102870.93,1,0,1,103764.55,0,0,1,1,0,0.3102885979541168,Low Risk,31.03,Churned,Stayed
714,51,4,88308.87,3,0,0,5862.53,0,0,0,1,1,0.7248573329748055,High Risk,72.49,Churned,Churned
642,33,4,84607.34,2,0,1,60059.47,0,0,0,0,0,0.2523120489106181,Low Risk,25.23,Stayed,Stayed
613,43,4,140681.68,1,0,1,20134.07,1,0,0,0,1,0.6790090121442168,High Risk,67.9,Stayed,Churned
684,32,3,102630.13,2,1,1,127433.47,1,0,1,0,0,0.2942457850402866,Low Risk,29.42,Stayed,Stayed
701,48,1,92072.68,1,1,1,133992.36,1,0,0,0,1,0.7238900112893006,High Risk,72.39,Stayed,Churned
615,30,9,0.0,1,1,0,87347.82,0,0,0,0,0,0.3491618775341791,Low Risk,34.92,Stayed,Stayed
599,39,2,188976.89,2,0,1,176142.09,1,0,1,0,1,0.52439260758922,Medium Risk,52.44,Stayed,Churned
554,26,7,92606.86,2,1,0,192709.69,0,0,0,0,0,0.3532905321873054,Low Risk,35.33,Stayed,Stayed
589,19,9,83495.11,1,1,1,143022.31,1,0,0,1,0,0.22924081652208037,Low Risk,22.92,Churned,Stayed
653,43,0,0.0,2,1,0,27862.58,0,0,1,0,0,0.42391795663411047,Medium Risk,42.39,Stayed,Stayed
633,33,4,137847.41,2,1,0,98349.13,0,1,1,0,0,0.36120281505453067,Low Risk,36.12,Stayed,Stayed
762,28,3,125155.83,2,1,1,106024.02,1,0,1,0,0,0.23054574640803016,Low Risk,23.05,Stayed,Stayed
743,39,3,119695.75,1,0,1,26136.13,1,0,1,0,0,0.43362652013284303,Medium Risk,43.36,Stayed,Stayed
714,45,0,124693.48,1,0,1,187194.15,0,1,1,0,0,0.40653029796164214,Medium Risk,40.65,Stayed,Stayed
827,60,2,0.0,2,0,1,60615.83,0,0,0,0,1,0.6407162924126485,High Risk,64.07,Stayed,Churned
595,35,8,0.0,1,1,0,100015.79,0,1,1,1,0,0.3323254650452594,Low Risk,33.23,Churned,Stayed
663,36,10,0.0,2,1,0,136349.55,0,0,1,0,0,0.3060963221145338,Low Risk,30.61,Stayed,Stayed
544,37,2,0.0,2,0,0,135067.02,0,1,1,0,0,0.38719429899109575,Low Risk,38.72,Stayed,Stayed
775,32,8,121669.23,1,0,1,125898.39,1,0,1,0,0,0.3168581223988777,Low Risk,31.69,Stayed,Stayed
702,36,2,105264.88,2,1,1,52909.87,1,0,0,0,0,0.47722200279829663,Medium Risk,47.72,Stayed,Stayed
583,42,4,0.0,2,1,0,17439.66,0,0,0,0,1,0.5478445822622288,Medium Risk,54.78,Stayed,Churned
670,42,6,112333.63,1,1,1,65706.86,0,0,0,0,0,0.4191923751964172,Medium Risk,41.92,Stayed,Stayed
526,49,2,0.0,1,1,0,114539.67,0,1,1,1,1,0.6184234290135856,High Risk,61.84,Churned,Churned
778,37,3,141803.77,1,0,1,179421.84,0,0,1,0,0,0.2537112717478364,Low Risk,25.37,Stayed,Stayed
614,38,2,116248.88,1,1,0,105140.92,0,0,1,0,0,0.45756290551928613,Medium Risk,45.76,Stayed,Stayed
561,32,6,166824.59,1,1,0,139451.98,1,0,1,0,1,0.5969523346346858,Medium Risk,59.7,Stayed,Churned
556,34,8,163757.06,1,1,1,104000.06,0,0,1,0,0,0.22902780646973045,Low Risk,22.9,Stayed,Stayed
683,29,9,0.0,2,1,1,48849.89,0,0,0,0,0,0.14446870157839076,Low Risk,14.45,Stayed,Stayed
698,55,8,155059.1,2,1,1,144584.29,1,0,1,0,1,0.7301064155776212,High Risk,73.01,Stayed,Churned
663,67,9,0.0,3,1,1,72318.77,0,0,1,0,1,0.6245062723522771,High Risk,62.45,Stayed,Churned
468,26,1,131643.25,1,1,0,64436.16,0,1,1,0,0,0.29251368122902954,Low Risk,29.25,Stayed,Stayed
591,36,7,135216.8,1,1,1,122022.89,0,1,1,0,0,0.2505261235897807,Low Risk,25.05,Stayed,Stayed
430,49,3,137115.16,1,1,0,146516.86,1,0,1,1,1,0.8516878827453443,High Risk,85.17,Churned,Churned
661,41,1,0.0,2,0,1,131300.68,0,0,0,0,0,0.34288821847151,Low Risk,34.29,Stayed,Stayed
501,44,4,142051.07,2,0,1,74940.5,0,0,1,0,0,0.37920794569847244,Low Risk,37.92,Stayed,Stayed
745,36,9,0.0,1,1,0,19605.18,0,0,0,1,0,0.4151846082505727,Medium Risk,41.52,Churned,Stayed
666,27,1,85225.21,1,0,1,64511.44,0,0,0,0,0,0.19144866481204223,Low Risk,19.14,Stayed,Stayed
686,45,3,74274.87,3,1,0,64907.48,0,1,1,1,0,0.498662667870884,Medium Risk,49.87,Churned,Stayed
661,44,1,141136.62,1,1,0,189742.78,1,0,1,1,1,0.7722535281775115,High Risk,77.23,Churned,Churned
608,42,8,131390.75,2,1,0,71178.09,1,0,1,0,1,0.6984293440014646,High Risk,69.84,Stayed,Churned
705,40,3,92889.91,1,1,1,109496.69,1,0,0,0,1,0.5789638938154531,Medium Risk,57.9,Stayed,Churned
760,43,8,121911.59,1,1,0,193312.33,0,0,1,0,1,0.5333738812697375,Medium Risk,53.34,Stayed,Churned
698,36,7,121263.62,1,1,1,13387.88,1,0,0,0,0,0.49737455823813026,Medium Risk,49.74,Stayed,Stayed
476,37,4,0.0,1,1,1,55775.84,0,0,1,1,0,0.19915710909346981,Low Risk,19.92,Churned,Stayed
822,32,8,116358.0,1,1,0,108798.36,0,0,1,0,0,0.2993667698609022,Low Risk,29.94,Stayed,Stayed
850,42,8,0.0,1,1,0,19632.64,0,0,0,1,1,0.5065811749878067,Medium Risk,50.66,Churned,Churned
745,33,1,0.0,2,1,1,174431.01,0,0,0,0,0,0.2030675730714146,Low Risk,20.31,Stayed,Stayed
579,38,4,175739.36,1,1,1,193130.55,0,0,0,0,0,0.43915096822401306,Medium Risk,43.92,Stayed,Stayed
753,38,9,151766.71,1,1,1,180829.99,1,0,0,0,1,0.5775681069506432,Medium Risk,57.76,Stayed,Churned
667,27,7,156811.74,1,1,1,149402.59,0,0,1,0,0,0.13940036410104267,Low Risk,13.94,Stayed,Stayed
638,48,10,138333.03,1,1,1,47679.14,0,0,0,0,1,0.547682863944034,Medium Risk,54.77,Stayed,Churned
730,62,2,0.0,2,1,1,162889.1,0,1,0,0,1,0.7097530994337609,High Risk,70.98,Stayed,Churned
758,35,5,0.0,2,0,0,100365.51,0,1,0,0,0,0.4236858233223531,Medium Risk,42.37,Stayed,Stayed
549,29,8,0.0,2,1,1,189558.44,0,0,0,0,0,0.17838149143680065,Low Risk,17.84,Stayed,Stayed
708,32,10,86614.06,2,1,1,172129.26,0,0,1,0,0,0.14515325384384756,Low Risk,14.52,Stayed,Stayed
568,31,1,61592.14,2,1,1,61796.64,1,0,0,0,0,0.3869643476366883,Low Risk,38.7,Stayed,Stayed
519,48,10,71083.98,1,1,0,137959.0,0,0,1,0,1,0.6287378330546288,High Risk,62.87,Stayed,Churned
631,29,2,96863.52,2,1,1,31613.35,1,0,0,0,0,0.35369067973534685,Low Risk,35.37,Stayed,Stayed
757,32,9,0.0,2,1,0,115950.96,0,0,1,0,0,0.228041822078171,Low Risk,22.8,Stayed,Stayed
734,30,3,0.0,2,1,0,107640.25,0,0,1,0,0,0.21092976849774056,Low Risk,21.09,Stayed,Stayed
678,31,2,0.0,2,1,1,58803.28,0,0,1,0,0,0.10770305113495887,Low Risk,10.77,Stayed,Stayed
762,56,10,100260.88,3,1,1,77142.42,1,0,1,1,1,0.6653803357246498,High Risk,66.54,Churned,Churned
660,61,5,155931.11,1,1,1,158338.39,0,1,0,0,1,0.8016727535534127,High Risk,80.17,Stayed,Churned
730,27,7,0.0,2,1,0,144099.48,0,0,0,0,0,0.2706664851521287,Low Risk,27.07,Stayed,Stayed
645,48,7,90612.34,1,1,1,149139.13,0,0,0,0,1,0.5397286412717456,Medium Risk,53.97,Stayed,Churned
660,31,9,125189.75,2,1,1,139874.43,1,0,1,0,0,0.2903286223196089,Low Risk,29.03,Stayed,Stayed
565,40,1,89994.71,2,0,1,121084.27,1,0,0,0,1,0.6059115978182159,High Risk,60.59,Stayed,Churned
686,34,3,123971.51,2,1,0,147794.63,0,0,0,0,0,0.49017568888674,Medium Risk,49.02,Stayed,Stayed
740,44,9,0.0,1,0,1,96528.0,0,0,1,1,0,0.26435432751813626,Low Risk,26.44,Churned,Stayed
721,33,5,0.0,2,0,1,117626.9,0,1,1,0,0,0.13662501842874375,Low Risk,13.66,Stayed,Stayed
604,71,2,0.0,2,1,1,49506.82,0,0,0,0,1,0.823205980757981,High Risk,82.32,Stayed,Churned
539,47,2,127286.04,2,1,1,166929.43,0,0,0,1,1,0.5575102246348403,Medium Risk,55.75,Churned,Churned
759,38,1,0.0,2,1,0,20778.39,0,1,1,0,0,0.322871501540027,Low Risk,32.29,Stayed,Stayed
567,41,0,134378.89,1,1,1,105746.94,1,0,1,0,1,0.5263528305900332,Medium Risk,52.64,Stayed,Churned
742,31,4,105239.1,1,1,1,19700.24,0,0,1,0,0,0.13902059444939013,Low Risk,13.9,Stayed,Stayed
687,72,9,0.0,1,0,1,69829.4,0,0,0,0,1,0.8430050553138504,High Risk,84.3,Stayed,Churned
614,34,5,0.0,2,1,0,185561.89,0,0,0,0,0,0.4246198954788238,Medium Risk,42.46,Stayed,Stayed
828,47,1,109876.82,2,1,0,83611.45,0,1,1,1,1,0.5617090468484006,Medium Risk,56.17,Churned,Churned
764,39,9,138341.51,1,1,0,50072.94,1,0,0,1,1,0.7523642150906165,High Risk,75.24,Churned,Churned
635,46,8,0.0,2,1,1,60739.16,0,1,1,0,0,0.28599870977428815,Low Risk,28.6,Stayed,Stayed
546,30,5,0.0,2,0,1,198543.09,0,0,0,0,0,0.20562952133383383,Low Risk,20.56,Stayed,Stayed
484,35,7,133868.21,1,1,1,27286.1,0,1,0,0,0,0.35073013968739747,Low Risk,35.07,Stayed,Stayed
721,36,1,155176.83,2,1,1,49653.37,0,0,1,0,0,0.20815358900994915,Low Risk,20.82,Stayed,Stayed
609,40,10,137389.77,2,1,0,170122.22,1,0,0,0,1,0.7899383439509534,High Risk,78.99,Stayed,Churned
684,48,10,126384.42,1,1,1,198129.36,1,0,0,0,1,0.7453489359781823,High Risk,74.53,Stayed,Churned
586,38,2,0.0,2,1,0,87168.46,0,0,0,0,0,0.48974306208060614,Medium Risk,48.97,Stayed,Stayed
835,35,6,127120.07,1,1,0,28707.69,0,0,1,0,0,0.3405849783765258,Low Risk,34.06,Stayed,Stayed
709,41,3,150300.65,2,1,0,71672.86,0,0,0,0,1,0.617850324333441,High Risk,61.79,Stayed,Churned
554,37,3,0.0,2,1,0,166177.3,0,1,1,0,0,0.3735979550825662,Low Risk,37.36,Stayed,Stayed
765,56,1,0.0,1,1,0,13228.93,0,0,0,1,1,0.7701877215653605,High Risk,77.02,Churned,Churned
610,27,9,159561.93,1,0,1,103381.47,0,0,0,0,0,0.23180071521424242,Low Risk,23.18,Stayed,Stayed
592,34,6,102143.93,2,1,1,102628.98,1,0,0,0,0,0.46621817699452617,Medium Risk,46.62,Stayed,Stayed
676,34,8,100359.54,1,0,0,46038.28,0,0,0,0,0,0.48744998209174356,Medium Risk,48.74,Stayed,Stayed
613,20,3,0.0,2,1,1,149613.77,0,0,1,0,0,0.05623816426592464,Low Risk,5.62,Stayed,Stayed
607,32,6,0.0,2,0,0,196062.01,0,0,0,0,0,0.40671578946577375,Medium Risk,40.67,Stayed,Stayed
593,39,8,151391.68,1,1,0,27274.6,1,0,0,1,1,0.7839317357184502,High Risk,78.39,Churned,Churned
638,24,1,0.0,2,0,1,162597.15,0,0,1,0,0,0.07987147245846901,Low Risk,7.99,Stayed,Stayed
711,25,5,190066.54,1,0,0,51345.39,0,0,0,1,0,0.37986033870060903,Low Risk,37.99,Churned,Stayed
634,46,5,123642.36,1,1,1,49725.16,1,0,0,1,1,0.702815123333111,High Risk,70.28,Churned,Churned
439,36,2,165536.28,2,1,1,123956.83,0,0,1,0,0,0.2702078871006951,Low Risk,27.02,Stayed,Stayed
650,42,4,194532.66,1,1,0,171045.31,0,1,1,1,1,0.6042820527102274,High Risk,60.43,Churned,Churned
742,25,4,132116.13,2,1,0,129933.5,0,0,0,0,0,0.31546664559065213,Low Risk,31.55,Stayed,Stayed
639,35,8,0.0,1,0,0,164453.98,0,0,0,0,0,0.4701662800318618,Medium Risk,47.02,Stayed,Stayed
504,32,8,206663.75,1,0,0,16281.94,0,0,0,0,1,0.5563224280070008,Medium Risk,55.63,Stayed,Churned
701,23,3,0.0,2,1,0,38960.59,0,0,1,0,0,0.1320078108940395,Low Risk,13.2,Stayed,Stayed
645,40,6,131411.24,1,1,1,194656.11,0,0,1,0,0,0.3025052169598065,Low Risk,30.25,Stayed,Stayed
699,25,8,0.0,2,1,1,52404.47,0,1,0,0,0,0.11579897943257868,Low Risk,11.58,Stayed,Stayed
571,38,6,107193.82,2,0,0,38962.94,0,0,0,0,1,0.5685679071608369,Medium Risk,56.86,Stayed,Churned
667,23,1,0.0,2,1,0,91573.19,0,0,1,0,0,0.14266760934473946,Low Risk,14.27,Stayed,Stayed
638,34,5,146679.77,1,1,0,102179.86,0,1,1,0,0,0.40674534303371185,Medium Risk,40.67,Stayed,Stayed
713,48,1,163760.82,1,0,0,157381.14,0,1,0,1,1,0.7958783645127893,High Risk,79.59,Churned,Churned
584,30,5,0.0,2,1,1,185201.58,0,1,0,0,0,0.19596188856130753,Low Risk,19.6,Stayed,Stayed
687,34,7,129895.19,1,0,1,28698.17,0,0,1,0,0,0.19501494775311043,Low Risk,19.5,Stayed,Stayed
613,69,9,78778.49,1,0,1,8751.59,1,0,1,0,1,0.8771609384443261,High Risk,87.72,Stayed,Churned
694,42,8,133767.19,1,1,0,36405.21,0,0,1,0,1,0.5030680875913581,Medium Risk,50.31,Stayed,Churned
682,30,9,0.0,2,1,1,2053.42,0,0,1,0,0,0.09197911815243671,Low Risk,9.2,Stayed,Stayed
796,50,1,94164.0,1,1,1,189414.74,0,0,0,0,1,0.5646168734626466,Medium Risk,56.46,Stayed,Churned
655,44,8,87471.63,1,0,1,188593.98,0,0,1,0,0,0.35150635860224005,Low Risk,35.15,Stayed,Stayed
586,42,6,0.0,2,1,1,123410.23,0,1,1,0,0,0.24839085423622936,Low Risk,24.84,Stayed,Stayed
640,33,6,84719.13,2,1,1,113048.79,0,0,0,0,0,0.24599280137901186,Low Risk,24.6,Stayed,Stayed
666,37,2,158468.76,1,0,1,93266.01,1,0,0,0,1,0.5919285409031396,Medium Risk,59.19,Stayed,Churned
543,42,7,0.0,1,1,1,56650.47,0,0,1,0,0,0.2516492341362306,Low Risk,25.16,Stayed,Stayed
492,49,2,151249.45,2,1,1,167237.94,1,0,0,0,1,0.7890159374781335,High Risk,78.9,Stayed,Churned
792,50,9,0.0,4,1,1,194700.81,0,0,1,1,0,0.2902583790817046,Low Risk,29.03,Churned,Stayed
646,39,6,121681.91,2,0,1,61793.47,1,0,1,0,0,0.4350385473208576,Medium Risk,43.5,Stayed,Stayed
741,36,8,116993.43,2,1,0,168816.22,1,0,1,0,1,0.5764422633536276,Medium Risk,57.64,Stayed,Churned
521,30,2,107316.09,1,1,0,64299.82,0,0,1,0,0,0.31932170575444935,Low Risk,31.93,Stayed,Stayed
782,70,7,97072.42,1,0,1,131177.22,0,0,0,0,1,0.8561423567715275,High Risk,85.61,Stayed,Churned
743,43,5,0.0,2,0,0,113079.19,0,0,1,1,0,0.4314961427375494,Medium Risk,43.15,Churned,Stayed
737,30,8,174356.13,1,0,0,31928.5,0,0,1,0,0,0.318531770639551,Low Risk,31.85,Stayed,Stayed
674,18,7,0.0,2,1,1,55753.12,0,0,1,1,0,0.04163291240892685,Low Risk,4.16,Churned,Stayed
676,38,8,0.0,2,1,1,133692.88,0,0,1,0,0,0.17474018641396805,Low Risk,17.47,Stayed,Stayed
835,38,7,86824.09,1,0,0,175905.97,0,1,1,0,0,0.4261090387927595,Medium Risk,42.61,Stayed,Stayed
573,46,3,65269.23,1,0,1,189988.65,0,1,1,1,0,0.41104182556491736,Medium Risk,41.1,Churned,Stayed
727,57,1,109679.72,1,0,1,753.37,0,1,0,0,1,0.7022255760951885,High Risk,70.22,Stayed,Churned
664,34,7,93920.47,1,0,0,179913.98,0,0,0,0,1,0.5167129408501533,Medium Risk,51.67,Stayed,Churned
621,31,8,100375.39,1,1,1,90384.26,1,0,0,0,0,0.42078409651455984,Medium Risk,42.08,Stayed,Stayed
660,46,5,109019.65,2,1,1,33680.56,1,0,1,0,1,0.5338847776561889,Medium Risk,53.39,Stayed,Churned
531,45,1,126495.57,2,1,1,164741.5,0,1,0,0,1,0.5358413551903634,Medium Risk,53.58,Stayed,Churned
596,30,6,121345.88,4,1,0,41921.75,0,1,1,1,0,0.2548184994928366,Low Risk,25.48,Churned,Stayed
732,25,0,110942.9,1,0,0,172576.56,0,0,1,0,0,0.24233691658723994,Low Risk,24.23,Stayed,Stayed
488,22,6,0.0,2,1,1,66393.89,0,0,0,0,0,0.10899175387291823,Low Risk,10.9,Stayed,Stayed
713,25,4,121172.97,1,1,1,56268.98,0,0,0,0,0,0.1637892646798598,Low Risk,16.38,Stayed,Stayed
697,48,2,108128.96,2,1,1,103944.37,1,0,0,0,1,0.7069309059758845,High Risk,70.69,Stayed,Churned
651,38,2,0.0,3,1,0,67029.82,0,1,1,1,0,0.3299951471542164,Low Risk,33.0,Churned,Stayed
658,37,3,168735.74,2,0,0,70370.24,1,0,1,0,1,0.650345624235545,High Risk,65.03,Stayed,Churned
613,29,0,0.0,2,0,1,133897.32,0,1,1,0,0,0.11877518412656168,Low Risk,11.88,Stayed,Stayed
779,37,7,120092.52,2,1,0,135925.72,1,0,1,0,1,0.5833067152073034,Medium Risk,58.33,Stayed,Churned
579,39,5,117833.3,3,0,0,5831.0,1,0,0,1,1,0.7461853868273514,High Risk,74.62,Churned,Churned
588,48,1,143279.58,2,1,0,31580.8,1,0,0,1,1,0.8705711680541685,High Risk,87.06,Churned,Churned
664,46,2,0.0,1,1,1,177423.02,0,0,1,1,0,0.31965444698395395,Low Risk,31.97,Churned,Stayed
633,29,10,130206.28,1,1,0,184654.87,0,0,1,0,0,0.30671941975185757,Low Risk,30.67,Stayed,Stayed
779,41,10,99786.2,1,1,0,86927.53,0,0,0,0,1,0.5846691654577943,Medium Risk,58.47,Stayed,Churned
623,35,5,0.0,2,1,0,101192.08,0,0,0,0,0,0.4230917897713431,Medium Risk,42.31,Stayed,Stayed
744,26,5,166297.89,1,1,1,181694.44,0,1,0,0,0,0.21493254502044024,Low Risk,21.49,Stayed,Stayed
644,33,7,174571.36,1,0,1,43943.09,0,0,1,0,0,0.21153835254486955,Low Risk,21.15,Stayed,Stayed
467,57,1,0.0,2,1,1,114448.77,0,0,1,0,1,0.5279893206798266,Medium Risk,52.8,Stayed,Churned
736,43,4,176134.54,1,1,1,52856.88,0,0,1,0,0,0.33745199096132616,Low Risk,33.75,Stayed,Stayed
592,55,8,85845.43,2,1,1,128918.42,0,1,1,0,1,0.5279061900665647,Medium Risk,52.79,Stayed,Churned
617,27,4,0.0,2,0,0,190269.21,0,0,0,0,0,0.3187381779196632,Low Risk,31.87,Stayed,Stayed
717,33,0,115777.23,1,1,1,81508.1,1,0,0,0,0,0.4585598185886245,Medium Risk,45.86,Stayed,Stayed
781,35,4,80790.74,1,1,0,116429.51,0,1,1,0,0,0.3550160877063258,Low Risk,35.5,Stayed,Stayed
619,34,1,0.0,1,1,0,139919.38,0,1,1,0,0,0.3285271261142294,Low Risk,32.85,Stayed,Stayed
571,47,7,0.0,2,0,0,112366.98,0,0,0,0,1,0.6720293481440214,High Risk,67.2,Stayed,Churned
570,58,8,0.0,1,0,1,116503.92,0,0,0,1,1,0.6829555816974536,High Risk,68.3,Churned,Churned
809,41,1,79706.25,2,1,0,165675.01,1,0,1,0,1,0.6376779543689653,High Risk,63.77,Stayed,Churned
703,26,1,97331.19,1,1,0,63717.49,1,0,0,0,1,0.5310295197999931,Medium Risk,53.1,Stayed,Churned
475,32,8,119023.28,1,1,0,100816.29,0,0,0,0,1,0.5025126286123333,Medium Risk,50.25,Stayed,Churned
692,43,2,69014.49,2,0,0,164621.43,1,0,0,0,1,0.8025127980170982,High Risk,80.25,Stayed,Churned
484,39,5,0.0,2,1,1,175224.12,0,1,0,0,0,0.3441836065443248,Low Risk,34.42,Stayed,Stayed
705,57,3,0.0,2,1,1,34134.14,0,1,0,0,1,0.6025058380270646,High Risk,60.25,Stayed,Churned
674,45,6,72494.69,1,0,1,140041.78,0,0,0,0,0,0.48038641530278575,Medium Risk,48.04,Stayed,Stayed
639,77,6,80926.02,2,1,1,55829.25,0,0,1,0,1,0.8354413534285388,High Risk,83.54,Stayed,Churned
571,38,1,121405.04,1,1,1,154844.22,0,0,1,0,0,0.2785219445492118,Low Risk,27.85,Stayed,Stayed
524,29,9,144287.6,2,1,0,32063.3,1,0,1,0,0,0.48018172381416263,Medium Risk,48.02,Stayed,Stayed
671,50,8,0.0,1,0,1,2560.11,0,1,1,0,0,0.37166690464694113,Low Risk,37.17,Stayed,Stayed
653,30,4,0.0,2,1,0,120736.04,0,1,1,0,0,0.23399475569084785,Low Risk,23.4,Stayed,Stayed
554,40,4,0.0,1,0,1,168780.04,0,0,1,0,0,0.2564952026314598,Low Risk,25.65,Stayed,Stayed
711,34,6,0.0,2,1,1,175310.38,0,0,0,0,0,0.2154947916960127,Low Risk,21.55,Stayed,Stayed
589,59,2,0.0,2,1,1,126160.24,0,0,0,1,1,0.6693215030879006,High Risk,66.93,Churned,Churned
637,32,5,0.0,1,0,0,148769.08,0,0,1,0,0,0.29164040824928866,Low Risk,29.16,Stayed,Stayed
445,48,7,168286.58,1,1,0,16645.77,1,0,0,1,1,0.895914421667106,High Risk,89.59,Churned,Churned
598,40,9,0.0,1,1,0,68462.59,0,0,0,1,1,0.5343875339284868,Medium Risk,53.44,Churned,Churned
651,45,10,135923.16,1,1,0,18732.84,0,1,0,0,1,0.702527113930052,High Risk,70.25,Stayed,Churned
572,33,5,0.0,1,0,1,41139.05,0,0,1,0,0,0.15024324337890357,Low Risk,15.02,Stayed,Stayed
739,45,7,102703.62,1,0,1,147802.94,1,0,1,1,1,0.556469916619218,Medium Risk,55.65,Churned,Churned
697,31,3,108805.42,2,0,1,123825.83,1,0,1,0,0,0.2933978755189846,Low Risk,29.34,Stayed,Stayed
786,40,6,0.0,2,0,0,41248.8,0,1,1,0,0,0.36412646573354424,Low Risk,36.41,Stayed,Stayed
599,40,10,137456.28,2,1,1,14113.11,1,0,1,0,0,0.44131410645393027,Medium Risk,44.13,Stayed,Stayed
735,31,3,119558.35,1,0,0,72927.68,0,0,1,0,0,0.31680044578823063,Low Risk,31.68,Stayed,Stayed
850,43,0,108508.82,3,1,0,184044.8,1,0,1,1,1,0.6649356394176094,High Risk,66.49,Churned,Churned
708,33,8,0.0,2,0,1,15246.83,0,0,0,0,0,0.18999936225155695,Low Risk,19.0,Stayed,Stayed
687,40,1,0.0,2,1,0,8207.36,0,1,0,0,1,0.5031309232239728,Medium Risk,50.31,Stayed,Churned
619,41,5,92467.58,1,1,0,38270.47,1,0,0,0,1,0.7825506949825244,High Risk,78.26,Stayed,Churned
776,38,2,169824.46,1,1,0,169291.7,0,0,0,0,1,0.6078507039564702,High Risk,60.79,Stayed,Churned
720,31,4,141356.47,1,0,0,137985.69,0,1,1,0,0,0.3572465213695215,Low Risk,35.72,Stayed,Stayed
785,39,1,130147.98,1,1,0,163798.41,0,0,0,1,1,0.5977450874899585,Medium Risk,59.77,Churned,Churned
774,36,7,103688.19,1,0,1,118971.74,0,0,1,0,0,0.20779467299052692,Low Risk,20.78,Stayed,Stayed
699,36,2,123601.56,2,1,0,103557.85,1,0,1,0,1,0.5857032763728746,Medium Risk,58.57,Stayed,Churned
776,36,1,0.0,2,1,0,53477.76,0,0,1,0,0,0.28194329039475025,Low Risk,28.19,Stayed,Stayed
559,34,4,0.0,2,1,1,66721.98,0,0,1,0,0,0.14373869585607266,Low Risk,14.37,Stayed,Stayed
670,37,2,0.0,2,1,1,54229.74,0,0,1,0,0,0.16054791858527015,Low Risk,16.05,Stayed,Stayed
740,36,4,109044.6,1,0,0,94554.74,1,0,0,1,1,0.7237185079557533,High Risk,72.37,Churned,Churned
577,29,2,0.0,1,1,1,168924.41,0,1,1,0,0,0.12740701890918674,Low Risk,12.74,Stayed,Stayed
761,33,6,138053.79,2,1,0,148779.41,0,0,0,0,0,0.4595796454345488,Medium Risk,45.96,Stayed,Stayed
795,32,2,117265.21,1,1,1,198317.23,0,0,1,0,0,0.16927107695802898,Low Risk,16.93,Stayed,Stayed
765,41,4,124182.21,1,0,0,100153.43,0,0,1,0,0,0.49918715152099435,Medium Risk,49.92,Stayed,Stayed
517,59,8,154110.99,2,1,0,101240.08,1,0,0,1,1,0.9455478298163177,High Risk,94.55,Churned,Churned
621,50,5,0.0,2,1,0,191756.54,0,0,0,1,1,0.7138546936100223,High Risk,71.39,Churned,Churned
627,28,3,157597.61,1,0,1,34097.22,0,1,0,0,0,0.24795616680863447,Low Risk,24.8,Stayed,Stayed
624,46,3,0.0,2,1,1,62825.03,0,1,1,0,0,0.29512253867082794,Low Risk,29.51,Stayed,Stayed
656,23,4,163549.63,1,0,1,21085.12,1,0,0,0,0,0.3213004375677921,Low Risk,32.13,Stayed,Stayed
586,35,7,164769.02,3,1,0,119814.25,0,0,0,1,1,0.523049640877087,Medium Risk,52.3,Churned,Churned
590,51,3,154962.99,3,0,1,191932.27,0,1,0,1,1,0.6477261378816801,High Risk,64.77,Churned,Churned
523,30,1,83181.29,1,1,1,138176.78,0,0,1,0,0,0.16240182341309273,Low Risk,16.24,Stayed,Stayed
728,37,0,0.0,2,1,1,72203.8,0,0,1,0,0,0.15740899937148717,Low Risk,15.74,Stayed,Stayed
593,38,4,88736.44,2,1,0,67020.03,0,1,0,0,1,0.5566525974422271,Medium Risk,55.67,Stayed,Churned
648,50,9,102535.57,1,1,1,189543.19,0,0,0,0,1,0.5902815792388726,Medium Risk,59.03,Stayed,Churned
530,33,4,129307.32,1,1,1,172930.28,0,0,0,0,0,0.32517360010486757,Low Risk,32.52,Stayed,Stayed
700,32,3,0.0,1,0,0,95740.37,0,0,0,0,0,0.3938740327843238,Low Risk,39.39,Stayed,Stayed
546,29,5,0.0,1,1,1,94823.95,0,0,1,0,0,0.11544940887084712,Low Risk,11.54,Stayed,Stayed
757,36,7,144852.06,1,0,0,130861.95,0,0,1,0,0,0.42285259016143306,Medium Risk,42.29,Stayed,Stayed
750,37,6,0.0,1,1,1,117948.0,0,0,0,1,0,0.2592189122946018,Low Risk,25.92,Churned,Stayed
683,36,7,0.0,2,1,0,104786.59,0,1,0,0,0,0.43966581128815174,Medium Risk,43.97,Stayed,Stayed
606,61,5,108166.09,2,0,1,8643.21,0,0,1,0,1,0.6334259633650532,High Risk,63.34,Stayed,Churned
650,20,8,0.0,2,1,1,113469.65,0,1,1,0,0,0.054031304426246665,Low Risk,5.4,Stayed,Stayed
678,34,6,0.0,2,1,1,124592.84,0,0,0,0,0,0.2129844930595982,Low Risk,21.3,Stayed,Stayed
664,36,2,127160.78,2,1,0,78140.75,1,0,0,0,1,0.7134819768659684,High Risk,71.35,Stayed,Churned
627,44,6,153548.12,1,0,0,35300.08,0,0,1,1,1,0.5896381191455453,Medium Risk,58.96,Churned,Churned
649,36,6,86607.39,1,0,0,19825.09,0,1,0,0,1,0.5331920650417081,Medium Risk,53.32,Stayed,Churned
779,33,1,158456.76,1,1,1,197000.92,1,0,1,1,0,0.36509248714243764,Low Risk,36.51,Churned,Stayed
766,47,9,129289.98,1,1,0,169935.46,1,0,1,1,1,0.7776523780325761,High Risk,77.77,Churned,Churned
684,38,3,0.0,2,1,0,44255.65,0,1,0,0,0,0.4704401582354583,Medium Risk,47.04,Stayed,Stayed
744,42,1,112419.92,1,1,1,83022.92,0,0,1,0,0,0.2907516606841796,Low Risk,29.08,Stayed,Stayed
783,58,3,127539.3,1,1,1,96590.39,1,0,0,1,1,0.8462886581357791,High Risk,84.63,Churned,Churned
744,30,1,128065.12,1,1,0,121525.48,0,1,1,0,0,0.3127639791085098,Low Risk,31.28,Stayed,Stayed
513,35,8,0.0,1,1,0,76640.29,0,0,1,1,0,0.331886227228915,Low Risk,33.19,Churned,Stayed
758,33,0,129142.54,2,1,1,26606.28,1,0,1,0,0,0.2973531689638739,Low Risk,29.74,Stayed,Stayed
622,28,1,143124.63,2,1,0,81723.8,1,0,0,0,1,0.5976045826733197,Medium Risk,59.76,Stayed,Churned
680,44,0,129974.79,2,1,1,33391.38,1,0,1,0,1,0.5141755037218234,Medium Risk,51.42,Stayed,Churned
667,44,5,140406.68,2,0,1,57164.19,1,0,0,0,1,0.6688056115454076,High Risk,66.88,Stayed,Churned
635,24,4,140197.18,1,1,1,142935.83,0,1,1,0,0,0.11944747009404622,Low Risk,11.94,Stayed,Stayed
546,27,8,0.0,2,1,1,14858.1,0,0,0,0,0,0.13813168137116674,Low Risk,13.81,Stayed,Stayed
610,35,7,81905.95,1,1,1,61623.19,0,0,0,0,0,0.28881030428701154,Low Risk,28.88,Stayed,Stayed
678,36,1,117864.85,2,1,0,27619.06,1,0,1,0,1,0.5716522959811781,Medium Risk,57.17,Stayed,Churned
599,35,6,137102.65,1,0,0,76870.81,0,1,1,0,0,0.4372525234498058,Medium Risk,43.73,Stayed,Stayed
589,50,4,0.0,2,0,1,182076.97,0,0,0,0,1,0.5312916682313079,Medium Risk,53.13,Stayed,Churned
698,29,5,95167.55,1,1,1,152723.23,0,0,1,0,0,0.13542040325579655,Low Risk,13.54,Stayed,Stayed
748,45,2,119852.01,1,0,0,73853.94,1,0,1,1,1,0.7539393284033499,High Risk,75.39,Churned,Churned
535,48,9,109472.47,1,1,0,157358.43,0,1,1,1,1,0.6681016634416099,High Risk,66.81,Churned,Churned
601,48,8,120782.7,1,1,0,63940.68,1,0,0,1,1,0.8713641641698758,High Risk,87.14,Churned,Churned
810,38,9,153166.17,1,1,1,93261.69,0,0,0,0,0,0.3458987700475576,Low Risk,34.59,Stayed,Stayed
570,21,7,116099.82,1,1,1,148087.62,0,1,1,0,0,0.09530353386303536,Low Risk,9.53,Stayed,Stayed
696,41,9,127523.75,1,0,1,191417.42,0,1,1,0,0,0.32880030802859733,Low Risk,32.88,Stayed,Stayed
656,49,9,97092.87,1,1,0,74771.22,1,0,0,1,1,0.867134267157115,High Risk,86.71,Churned,Churned
838,41,5,0.0,2,1,0,81313.51,0,1,0,0,0,0.49772607166728344,Medium Risk,49.77,Stayed,Stayed
585,56,1,128472.8,1,1,0,186476.91,0,1,0,1,1,0.8745846103666238,High Risk,87.46,Churned,Churned
594,61,3,62391.22,1,1,1,192434.11,0,0,1,0,1,0.6532157142968371,High Risk,65.32,Stayed,Churned
688,41,2,112871.19,2,0,1,65520.74,1,0,1,0,0,0.4644566292771178,Medium Risk,46.45,Stayed,Stayed
762,26,6,130428.78,1,1,0,173365.89,0,0,1,0,0,0.24164127511124342,Low Risk,24.16,Stayed,Stayed
669,25,1,157848.53,1,0,0,37543.93,0,0,1,1,0,0.2542240161590689,Low Risk,25.42,Churned,Stayed
602,63,7,0.0,2,1,1,56323.21,0,0,0,0,1,0.7117887605733911,High Risk,71.18,Stayed,Churned
504,44,0,131873.07,2,1,1,158036.72,1,0,0,1,1,0.706307326220506,High Risk,70.63,Churned,Churned
682,38,4,107192.38,1,1,1,15669.17,0,0,1,0,0,0.2254618860661676,Low Risk,22.55,Stayed,Stayed
850,45,5,127258.79,1,1,1,192744.23,1,0,0,1,1,0.6739107154187532,High Risk,67.39,Churned,Churned
567,54,9,96402.96,1,0,0,52035.29,0,0,1,1,1,0.7334907226853771,High Risk,73.35,Churned,Churned
617,50,7,0.0,1,1,0,184839.7,0,1,1,1,1,0.6239587761122789,High Risk,62.4,Churned,Churned
652,51,7,0.0,2,0,1,43496.36,0,0,1,0,0,0.3673055318877799,Low Risk,36.73,Stayed,Stayed
835,47,5,108289.28,2,1,1,45859.55,1,0,0,1,1,0.6478634328826759,High Risk,64.79,Churned,Churned
688,32,6,123157.95,1,1,0,172531.23,0,0,0,0,0,0.47646160009899285,Medium Risk,47.65,Stayed,Stayed
646,37,7,96558.66,1,0,0,163427.18,0,0,0,0,1,0.5755593161323037,Medium Risk,57.56,Stayed,Churned
743,30,7,77599.23,1,0,0,144407.1,0,0,1,0,0,0.28225129189878945,Low Risk,28.23,Stayed,Stayed
507,29,4,89349.47,2,0,0,180626.68,0,0,0,0,0,0.43427460192872114,Medium Risk,43.43,Stayed,Stayed
652,31,2,119148.55,1,0,0,149740.22,0,0,1,0,0,0.34963443305576236,Low Risk,34.96,Stayed,Stayed
588,35,7,0.0,2,1,1,108739.15,0,1,0,0,0,0.24697843932137462,Low Risk,24.7,Stayed,Stayed
640,20,4,0.0,2,0,1,78310.82,0,0,0,0,0,0.09133348340210921,Low Risk,9.13,Stayed,Stayed
545,37,9,95829.13,2,0,1,104936.88,1,0,1,0,0,0.4068459658667052,Medium Risk,40.68,Stayed,Stayed
350,40,0,111098.85,1,1,1,172321.21,0,0,0,1,0,0.4849067794177405,Medium Risk,48.49,Churned,Stayed
651,41,1,90218.11,1,1,0,174337.68,1,0,1,0,1,0.6993790490688294,High Risk,69.94,Stayed,Churned
672,52,8,170008.84,1,0,0,56407.42,0,0,1,1,1,0.7277719461760007,High Risk,72.78,Churned,Churned
438,31,8,78398.69,1,1,0,44937.01,1,0,1,0,1,0.5204439970173551,Medium Risk,52.04,Stayed,Churned
556,40,5,125909.85,1,1,1,95124.4,0,0,1,0,0,0.29905150312272516,Low Risk,29.91,Stayed,Stayed
719,36,3,155423.17,1,1,1,199841.32,0,0,1,0,0,0.24693125859080528,Low Risk,24.69,Stayed,Stayed
578,23,10,88980.32,1,1,1,125222.36,0,0,1,0,0,0.09305512831978063,Low Risk,9.31,Stayed,Stayed
674,21,9,120150.39,2,1,1,33964.03,0,0,0,0,0,0.11363558616671539,Low Risk,11.36,Stayed,Stayed
692,36,3,79551.12,1,0,1,178267.07,0,0,0,0,0,0.33020383846627616,Low Risk,33.02,Stayed,Stayed
719,38,0,0.0,1,1,0,126876.47,0,1,1,0,0,0.37629176320333896,Low Risk,37.63,Stayed,Stayed
840,51,1,87779.83,1,0,1,36687.11,1,0,0,1,1,0.7386105648165766,High Risk,73.86,Churned,Churned
526,28,1,112070.44,1,0,1,126281.83,0,0,1,0,0,0.16044337467797165,Low Risk,16.04,Stayed,Stayed
468,56,10,0.0,3,0,1,62256.87,0,0,0,1,1,0.6101013237489495,High Risk,61.01,Churned,Churned
625,49,4,128504.76,1,1,0,126812.63,1,0,0,1,1,0.8880304969991469,High Risk,88.8,Churned,Churned
495,47,10,137682.68,1,1,0,71071.47,0,0,1,0,1,0.6459391820203155,High Risk,64.59,Stayed,Churned
659,36,6,123841.49,2,1,0,96833.0,0,0,1,0,0,0.3836090601167297,Low Risk,38.36,Stayed,Stayed
787,85,10,0.0,2,1,1,116537.96,0,0,0,0,1,0.9203211187572607,High Risk,92.03,Stayed,Churned
673,43,5,168069.73,1,1,1,146992.24,0,0,0,1,0,0.49568178553336545,Medium Risk,49.57,Churned,Stayed
695,53,8,95231.91,1,0,0,70140.8,1,0,0,1,1,0.9013348011359285,High Risk,90.13,Churned,Churned
690,54,1,144027.8,1,1,1,108731.02,1,0,0,1,1,0.8256575831432583,High Risk,82.57,Churned,Churned
720,60,9,115920.62,2,0,0,157552.08,1,0,1,1,1,0.9007477233304225,High Risk,90.07,Churned,Churned
432,45,3,110219.14,1,1,0,43046.7,1,0,0,1,1,0.860717547148883,High Risk,86.07,Churned,Churned
641,31,10,155978.17,1,1,0,91510.71,0,0,1,0,0,0.3363281020000464,Low Risk,33.63,Stayed,Stayed
676,48,3,80697.44,1,0,0,101397.86,1,0,1,0,1,0.7892671377434883,High Risk,78.93,Stayed,Churned
468,46,7,91443.75,1,1,0,10958.18,0,0,1,0,1,0.5952023164552364,Medium Risk,59.52,Stayed,Churned
515,28,9,0.0,2,0,0,94141.75,0,0,0,0,0,0.32991231315548675,Low Risk,32.99,Stayed,Stayed
671,32,6,123912.78,2,1,1,146636.44,0,1,1,0,0,0.17141392580138667,Low Risk,17.14,Stayed,Stayed
772,26,7,152400.51,2,1,0,79414.0,1,0,1,0,0,0.38842586899714476,Low Risk,38.84,Stayed,Stayed
571,40,10,112896.86,1,1,1,121402.53,0,0,1,0,0,0.2867100482498168,Low Risk,28.67,Stayed,Stayed
726,42,2,109471.79,1,0,1,175161.05,0,0,0,0,0,0.45197932193480406,Medium Risk,45.2,Stayed,Stayed
606,23,10,70417.79,1,0,1,90896.04,0,1,0,0,0,0.15278534354123394,Low Risk,15.28,Stayed,Stayed
624,35,7,119656.45,2,1,1,4595.05,0,1,0,0,0,0.28875580680977564,Low Risk,28.88,Stayed,Stayed
636,67,7,136709.35,1,0,1,66753.1,1,0,1,1,1,0.8829054980845188,High Risk,88.29,Churned,Churned
463,41,8,123151.51,2,1,0,70127.93,1,0,0,0,1,0.8048939816768408,High Risk,80.49,Stayed,Churned
635,65,5,117325.54,1,1,0,155799.86,1,0,0,1,1,0.9633190909488132,High Risk,96.33,Churned,Churned
576,52,2,100549.43,2,1,1,16644.16,0,1,1,0,0,0.4698420261456499,Medium Risk,46.98,Stayed,Stayed
795,56,5,0.0,1,1,0,35418.69,0,1,0,1,1,0.7740291680728357,High Risk,77.4,Churned,Churned
521,39,6,0.0,2,0,1,27375.15,0,0,0,0,0,0.3098995735226086,Low Risk,30.99,Stayed,Stayed
554,26,4,121365.39,1,1,1,8742.36,1,0,1,0,0,0.2362002539122093,Low Risk,23.62,Stayed,Stayed
733,44,3,106070.89,1,0,1,101617.43,0,1,1,0,0,0.3499936929734941,Low Risk,35.0,Stayed,Stayed
718,49,10,0.0,1,1,0,184474.72,0,0,0,1,1,0.6922890761756381,High Risk,69.23,Churned,Churned
554,39,10,160132.75,1,1,0,32824.15,0,0,0,0,1,0.6260093668256188,High Risk,62.6,Stayed,Churned
490,34,5,122952.9,2,0,0,154360.97,0,0,1,0,0,0.41339581576564344,Medium Risk,41.34,Stayed,Stayed
652,42,4,0.0,2,1,1,38152.01,0,1,0,0,0,0.3358294703326575,Low Risk,33.58,Stayed,Stayed
674,26,6,166257.96,1,1,1,149369.41,0,0,1,0,0,0.13358204928870016,Low Risk,13.36,Stayed,Stayed
498,29,9,0.0,1,1,0,190035.83,0,0,0,0,0,0.3768541516811652,Low Risk,37.69,Stayed,Stayed
811,42,10,0.0,2,1,1,3797.79,0,0,1,0,0,0.18289348360289603,Low Risk,18.29,Stayed,Stayed
850,31,6,131996.66,2,1,1,178747.43,0,0,1,0,0,0.13973143486523182,Low Risk,13.97,Stayed,Stayed
634,36,2,85996.19,1,1,0,15887.68,0,1,1,0,0,0.38955676372489995,Low Risk,38.96,Stayed,Stayed
588,64,3,0.0,1,1,1,189703.65,0,0,0,0,1,0.7748043893982752,High Risk,77.48,Stayed,Churned
663,36,6,77253.5,1,0,0,35817.97,1,0,0,1,1,0.7064080945231449,High Risk,70.64,Churned,Churned
609,39,3,121778.71,1,1,1,138399.67,0,0,1,0,0,0.28164168312063287,Low Risk,28.16,Stayed,Stayed
817,46,0,89087.89,1,0,1,87941.85,1,0,0,1,1,0.675670762042054,High Risk,67.57,Churned,Churned
763,32,9,160680.41,1,1,0,30886.35,1,0,1,0,1,0.5195203094076446,Medium Risk,51.95,Stayed,Churned
634,38,2,148430.55,1,1,1,56055.72,1,0,1,0,0,0.45001947543530085,Medium Risk,45.0,Stayed,Stayed
708,19,7,112615.86,1,1,1,4491.77,0,1,1,0,0,0.06515092903388005,Low Risk,6.52,Stayed,Stayed
529,34,9,0.0,1,1,1,93208.22,0,1,1,0,0,0.16629780744131623,Low Risk,16.63,Stayed,Stayed
793,52,2,0.0,1,1,0,159123.82,0,1,1,1,1,0.6247728233743496,High Risk,62.48,Churned,Churned
786,29,7,80895.44,2,1,0,64945.57,0,1,1,0,0,0.22750402280824633,Low Risk,22.75,Stayed,Stayed
642,33,9,0.0,2,1,1,150475.14,0,1,0,0,0,0.21549853117075168,Low Risk,21.55,Stayed,Stayed
603,35,1,123407.69,1,1,0,152541.89,1,0,1,1,1,0.6236315234020784,High Risk,62.36,Churned,Churned
582,31,2,0.0,2,1,1,33747.03,0,0,1,0,0,0.11406181928210561,Low Risk,11.41,Stayed,Stayed
598,35,8,0.0,3,0,1,88658.73,0,1,0,0,0,0.23547006729655803,Low Risk,23.55,Stayed,Stayed
644,47,9,137774.11,2,1,0,151902.78,1,0,1,0,1,0.7808922746818103,High Risk,78.09,Stayed,Churned
627,29,5,139541.58,2,1,0,80607.33,1,0,1,0,0,0.4708237899500568,Medium Risk,47.08,Stayed,Stayed
556,33,3,124213.36,2,1,0,62627.55,1,0,1,0,1,0.5512789380660543,Medium Risk,55.13,Stayed,Churned
696,24,9,0.0,1,0,0,10883.52,0,1,1,0,0,0.16216620605301824,Low Risk,16.22,Stayed,Stayed
454,48,5,144837.79,1,1,1,93151.77,0,1,0,0,1,0.623288447148851,High Risk,62.33,Stayed,Churned
850,31,1,96399.31,2,1,0,106534.15,0,0,1,0,0,0.2565853984320317,Low Risk,25.66,Stayed,Stayed
606,34,3,161572.24,1,0,1,191076.22,0,1,1,0,0,0.2629024098280672,Low Risk,26.29,Stayed,Stayed
746,49,7,0.0,2,0,1,10096.25,0,1,1,0,0,0.31973100690309564,Low Risk,31.97,Stayed,Stayed
734,51,1,118537.47,1,1,1,116912.45,0,0,1,0,0,0.4625726942263133,Medium Risk,46.26,Stayed,Stayed
694,47,4,0.0,2,1,0,197528.62,0,0,1,0,1,0.5211073766805614,Medium Risk,52.11,Stayed,Churned
622,32,6,169089.38,2,1,0,101057.95,0,0,0,0,0,0.48317469543561675,Medium Risk,48.32,Stayed,Stayed
641,31,9,112494.99,1,1,1,32231.6,0,0,1,0,0,0.15015960610786622,Low Risk,15.02,Stayed,Stayed
539,22,0,100885.93,2,1,1,38772.65,0,0,0,0,0,0.13613231704573608,Low Risk,13.61,Stayed,Stayed
626,23,6,85897.95,1,1,0,109742.8,1,0,0,0,0,0.48524702571723644,Medium Risk,48.52,Stayed,Stayed
662,29,5,147092.65,1,1,0,10928.3,0,0,1,0,0,0.2860705384815771,Low Risk,28.61,Stayed,Stayed
496,41,1,176024.05,2,1,0,182337.98,0,0,0,0,1,0.7017406652336905,High Risk,70.17,Stayed,Churned
719,35,8,0.0,1,1,1,165162.4,0,1,0,0,0,0.25152505369931555,Low Risk,25.15,Stayed,Stayed
694,35,7,0.0,1,1,0,133570.43,0,1,0,1,0,0.4491727400816457,Medium Risk,44.92,Churned,Stayed
629,35,8,112330.83,1,1,1,91001.02,1,0,1,0,0,0.3694243926639974,Low Risk,36.94,Stayed,Stayed
707,46,7,127476.73,2,1,1,146011.55,0,0,0,0,0,0.48824336312320304,Medium Risk,48.82,Stayed,Stayed
640,45,1,0.0,1,1,1,10908.33,0,0,1,0,0,0.2788704033433138,Low Risk,27.89,Stayed,Stayed
760,32,7,0.0,2,1,1,105969.05,0,0,0,0,0,0.17418497312856446,Low Risk,17.42,Stayed,Stayed
774,34,4,120875.23,2,0,1,113407.26,1,0,1,0,0,0.3314849036333178,Low Risk,33.15,Stayed,Stayed
710,34,9,134260.36,2,1,0,147074.67,1,0,1,0,1,0.5515278592045044,Medium Risk,55.15,Stayed,Churned
562,36,5,0.0,1,0,1,182843.24,0,1,1,0,0,0.21165737455463746,Low Risk,21.17,Stayed,Stayed
569,37,9,178755.84,1,1,0,199929.17,0,0,1,0,1,0.5021449097583244,Medium Risk,50.21,Stayed,Churned
685,43,6,117302.62,1,0,0,68701.73,0,1,0,0,1,0.6820916086493163,High Risk,68.21,Stayed,Churned
516,37,8,0.0,1,1,0,101834.58,0,0,1,0,0,0.3710255277997507,Low Risk,37.1,Stayed,Stayed
850,32,8,0.0,2,1,1,55593.8,0,0,0,0,0,0.15599913787821093,Low Risk,15.6,Stayed,Stayed
559,40,7,144470.77,1,1,1,18917.95,0,1,0,0,0,0.4304442184879848,Medium Risk,43.04,Stayed,Stayed
757,30,3,145396.49,1,0,1,198341.15,0,1,1,0,0,0.18077840488884211,Low Risk,18.08,Stayed,Stayed
651,25,2,109175.14,2,1,0,114566.47,1,0,0,0,1,0.5168567555897916,Medium Risk,51.69,Stayed,Churned
740,36,4,172381.8,1,1,1,86480.29,0,0,1,0,0,0.23281153356693063,Low Risk,23.28,Stayed,Stayed
545,55,5,0.0,1,0,0,10034.77,0,0,0,1,1,0.797763604727863,High Risk,79.78,Churned,Churned
641,40,5,102145.13,1,1,1,100637.07,0,1,1,0,0,0.2818461242942813,Low Risk,28.18,Stayed,Stayed
669,35,7,0.0,1,1,1,49108.23,0,0,0,1,0,0.23210287732840146,Low Risk,23.21,Churned,Stayed
655,37,4,0.0,2,1,1,142415.97,0,0,1,0,0,0.17137002926017372,Low Risk,17.14,Stayed,Stayed
729,39,1,131513.26,1,1,1,193715.0,1,0,0,0,1,0.6027281359652917,High Risk,60.27,Stayed,Churned
512,33,3,176666.62,1,1,0,94670.77,0,1,1,0,0,0.43807273745241415,Medium Risk,43.81,Stayed,Stayed
621,31,7,136658.61,1,1,1,148689.13,0,0,1,0,0,0.17776628280317286,Low Risk,17.78,Stayed,Stayed
693,31,1,0.0,2,0,1,182270.88,0,0,1,0,0,0.12530614235270693,Low Risk,12.53,Stayed,Stayed
708,33,3,0.0,2,1,0,138613.21,0,1,1,0,0,0.2719583213508666,Low Risk,27.2,Stayed,Stayed
754,19,9,0.0,1,1,0,189641.11,0,1,0,0,0,0.19145034826956506,Low Risk,19.15,Stayed,Stayed
778,48,3,102290.56,2,1,0,182691.31,1,0,0,0,1,0.8505756126530732,High Risk,85.06,Stayed,Churned
651,35,1,163700.78,3,1,1,29583.48,1,0,0,1,0,0.4825576696839809,Medium Risk,48.26,Churned,Stayed
608,50,6,0.0,1,1,0,93568.77,0,0,1,1,1,0.5951404503267927,Medium Risk,59.51,Churned,Churned
702,60,5,138597.54,2,1,1,41536.59,1,0,0,1,1,0.8583494781911487,High Risk,85.83,Churned,Churned
613,24,7,140453.91,1,1,0,129001.3,0,0,0,0,0,0.3470422345797918,Low Risk,34.7,Stayed,Stayed
717,36,2,148061.89,1,1,0,179128.69,0,0,1,1,0,0.4352424172593047,Medium Risk,43.52,Churned,Stayed
463,35,2,101257.16,1,1,1,118113.64,0,0,1,0,0,0.2352984960236979,Low Risk,23.53,Stayed,Stayed
692,24,2,120596.93,1,0,1,180490.53,1,0,1,0,0,0.22815587325726042,Low Risk,22.82,Stayed,Stayed
684,40,6,137326.65,1,1,0,186976.6,1,0,0,0,1,0.8016806852221338,High Risk,80.17,Stayed,Churned
678,49,1,0.0,2,1,1,102472.9,0,1,0,0,0,0.4760267345905916,Medium Risk,47.6,Stayed,Stayed
619,40,9,103604.31,2,0,0,140947.05,1,0,1,0,1,0.6734194760129227,High Risk,67.34,Stayed,Churned
632,40,3,109740.62,1,1,0,141896.74,0,1,0,0,1,0.6400856155019428,High Risk,64.01,Stayed,Churned
576,32,7,0.0,2,1,0,4660.91,0,0,1,0,0,0.24210348102927653,Low Risk,24.21,Stayed,Stayed
791,25,7,0.0,1,1,0,89666.28,0,1,1,0,0,0.1626179266463576,Low Risk,16.26,Stayed,Stayed
509,26,10,0.0,2,1,1,6177.83,0,0,1,0,0,0.08008027752516537,Low Risk,8.01,Stayed,Stayed
567,36,7,0.0,2,0,1,3896.08,0,0,1,0,0,0.16182581117971703,Low Risk,16.18,Stayed,Stayed
630,28,8,106425.75,1,1,1,20344.84,1,0,0,0,0,0.3541517644375324,Low Risk,35.42,Stayed,Stayed
674,27,4,79144.34,1,0,1,50743.83,0,0,0,0,0,0.18292931679228847,Low Risk,18.29,Stayed,Stayed
663,37,7,143625.83,2,0,1,176487.05,1,0,1,0,0,0.43227429638150794,Medium Risk,43.23,Stayed,Stayed
626,62,3,0.0,1,1,1,65010.74,0,1,1,0,1,0.6100712271660567,High Risk,61.01,Stayed,Churned
710,37,6,135795.63,1,0,1,46523.6,1,0,1,0,0,0.41440376482510666,Medium Risk,41.44,Stayed,Stayed
698,45,5,164450.94,1,1,0,141970.02,0,1,1,1,1,0.6204850739311429,High Risk,62.05,Churned,Churned
754,55,3,161608.81,1,1,0,8080.85,1,0,0,1,1,0.9173451640650083,High Risk,91.73,Churned,Churned
520,34,4,134007.9,1,1,1,193209.11,0,0,1,0,0,0.23854400028107078,Low Risk,23.85,Stayed,Stayed
706,46,7,111288.18,1,1,1,149170.25,1,0,0,1,1,0.69752594045665,High Risk,69.75,Churned,Churned
738,31,9,79019.8,1,1,1,18606.23,0,1,1,0,0,0.13331857940187425,Low Risk,13.33,Stayed,Stayed
850,39,6,0.0,2,1,0,103921.43,0,1,0,0,0,0.4603672255268452,Medium Risk,46.04,Stayed,Stayed
750,39,6,0.0,2,0,0,19264.33,0,1,0,0,0,0.4815911984227171,Medium Risk,48.16,Stayed,Stayed
617,54,6,102141.9,1,1,1,45325.26,0,0,1,0,1,0.5105625258447352,Medium Risk,51.06,Stayed,Churned
616,37,9,0.0,1,1,0,111312.96,0,0,1,0,0,0.35065408639192364,Low Risk,35.07,Stayed,Stayed
548,32,5,175214.71,1,1,1,155165.61,1,0,1,0,0,0.3925179293648977,Low Risk,39.25,Stayed,Stayed
507,40,3,120105.43,1,1,0,92075.01,1,0,1,1,1,0.7103104932379167,High Risk,71.03,Churned,Churned
809,38,2,154763.21,2,1,1,174800.31,0,0,0,0,0,0.35123256620879867,Low Risk,35.12,Stayed,Stayed
673,38,2,170061.92,2,0,0,134901.34,0,0,0,1,1,0.6158302218450312,High Risk,61.58,Churned,Churned
487,44,6,61691.45,1,1,1,53087.98,0,1,1,0,0,0.34203982511811465,Low Risk,34.2,Stayed,Stayed
782,41,4,0.0,1,1,0,132943.88,0,1,0,0,1,0.5480127239127248,Medium Risk,54.8,Stayed,Churned
778,42,6,0.0,2,1,1,106197.44,0,0,1,0,0,0.20572401601290255,Low Risk,20.57,Stayed,Stayed
608,56,5,0.0,2,0,1,153810.41,0,1,0,0,1,0.6431858352142739,High Risk,64.32,Stayed,Churned
526,37,5,53573.18,1,1,0,62830.97,0,0,0,0,1,0.5365220881173436,Medium Risk,53.65,Stayed,Churned
638,53,1,123916.67,1,1,0,16657.68,1,0,0,1,1,0.9066413966355502,High Risk,90.66,Churned,Churned
681,34,7,0.0,2,0,0,130686.59,0,0,1,0,0,0.2884471920940838,Low Risk,28.84,Stayed,Stayed
693,44,5,124601.58,2,1,1,46998.13,1,0,1,1,1,0.5023284757127933,Medium Risk,50.23,Churned,Churned
529,61,1,0.0,2,1,1,191370.97,0,0,1,0,1,0.6055469025410043,High Risk,60.55,Stayed,Churned
779,38,7,0.0,2,1,1,138542.87,0,1,0,0,0,0.2626441130218485,Low Risk,26.26,Stayed,Stayed
550,45,8,111257.59,1,0,0,97623.42,1,0,0,1,1,0.8585026039826547,High Risk,85.85,Churned,Churned
535,35,8,118989.92,1,1,1,135536.72,0,1,1,0,0,0.23833047612787758,Low Risk,23.83,Stayed,Stayed
618,44,5,157955.83,2,0,0,139297.71,1,0,1,0,1,0.7698024948939715,High Risk,76.98,Stayed,Churned
458,35,9,146780.52,2,1,1,3476.38,1,0,1,0,0,0.3855352798243064,Low Risk,38.55,Stayed,Stayed
539,38,5,0.0,2,1,0,47388.41,0,0,1,0,0,0.3543225121741544,Low Risk,35.43,Stayed,Stayed
715,38,0,0.0,2,1,1,332.81,0,0,0,0,0,0.24859239134477157,Low Risk,24.86,Stayed,Stayed
592,41,2,138734.94,1,1,0,90020.74,0,1,0,0,1,0.6749356462945308,High Risk,67.49,Stayed,Churned
645,29,1,130131.08,2,0,1,196474.35,0,0,1,0,0,0.1580842611231523,Low Risk,15.81,Stayed,Stayed
733,38,9,111347.37,2,0,1,194872.97,1,0,1,0,0,0.41401249957216957,Medium Risk,41.4,Stayed,Stayed
565,58,3,108888.24,3,0,1,135875.51,1,0,0,1,1,0.852641238496475,High Risk,85.26,Churned,Churned
566,34,3,0.0,1,0,0,188135.69,0,0,1,0,0,0.3490189825212458,Low Risk,34.9,Stayed,Stayed
569,42,1,0.0,1,1,1,83629.6,0,1,0,1,0,0.38977441467067453,Low Risk,38.98,Churned,Stayed
680,34,3,143292.95,1,1,0,66526.01,0,0,1,0,0,0.37786380862171254,Low Risk,37.79,Stayed,Stayed
564,31,4,0.0,2,1,0,53520.03,0,0,1,0,0,0.24158751146790983,Low Risk,24.16,Stayed,Stayed
601,39,3,72647.64,1,1,0,41777.9,0,0,1,1,0,0.43350273935676154,Medium Risk,43.35,Churned,Stayed
771,33,5,0.0,2,1,0,8673.43,0,1,0,0,0,0.3493063470283806,Low Risk,34.93,Stayed,Stayed
636,32,8,0.0,2,1,0,138555.46,0,1,0,0,0,0.3818742869273123,Low Risk,38.19,Stayed,Stayed
659,39,8,106259.63,2,1,1,198103.32,1,0,1,0,0,0.4306840641845229,Medium Risk,43.07,Stayed,Stayed
678,43,2,153393.18,2,1,1,193828.27,1,0,0,0,1,0.6734073587912106,High Risk,67.34,Stayed,Churned
732,46,0,0.0,2,1,1,184350.78,0,0,1,0,0,0.2897007561793682,Low Risk,28.97,Stayed,Stayed
651,28,10,79562.98,1,1,1,74687.37,0,0,1,0,0,0.11579003640718113,Low Risk,11.58,Stayed,Stayed
755,78,5,121206.96,1,1,1,76016.49,0,0,0,0,1,0.9153146534940503,High Risk,91.53,Stayed,Churned
674,45,7,142072.02,1,1,0,37013.29,0,0,1,0,1,0.5718285942477853,Medium Risk,57.18,Stayed,Churned
659,20,8,0.0,2,0,0,112572.02,0,0,1,0,0,0.12216707801529435,Low Risk,12.22,Stayed,Stayed
721,49,1,120108.56,1,0,1,183421.76,0,0,0,0,1,0.5960119774167054,Medium Risk,59.6,Stayed,Churned
766,26,3,104258.8,1,1,1,428.23,0,0,0,0,0,0.15546990866559546,Low Risk,15.55,Stayed,Stayed
575,30,8,0.0,2,1,0,185341.63,0,1,0,0,0,0.3687161911628114,Low Risk,36.87,Stayed,Stayed
537,42,1,190569.23,1,0,1,127154.8,0,1,1,0,0,0.4204886361980793,Medium Risk,42.05,Stayed,Stayed
633,33,4,92855.02,1,1,1,159813.18,0,1,0,0,0,0.2927554120692428,Low Risk,29.28,Stayed,Stayed
707,40,1,0.0,2,1,0,14090.4,0,0,1,1,0,0.35375223751067464,Low Risk,35.38,Churned,Stayed
602,38,7,111835.94,2,1,0,124389.61,0,0,1,0,0,0.42884033302020597,Medium Risk,42.88,Stayed,Stayed
684,42,1,117691.0,1,1,1,23135.65,1,0,1,1,0,0.4874555081677606,Medium Risk,48.75,Churned,Stayed
621,39,6,0.0,2,1,1,58883.91,0,0,1,0,0,0.18550182673827287,Low Risk,18.55,Stayed,Stayed
777,30,4,137851.31,1,1,0,5008.23,0,0,0,1,0,0.3965243123728252,Low Risk,39.65,Churned,Stayed
828,30,4,73070.18,2,0,0,161671.15,0,0,1,0,0,0.25212644973107384,Low Risk,25.21,Stayed,Stayed
573,30,8,127406.5,1,1,0,192950.6,1,0,1,0,1,0.5380562896686839,Medium Risk,53.81,Stayed,Churned
673,43,8,127132.96,1,0,1,6009.27,0,1,1,1,0,0.3321590530684869,Low Risk,33.22,Churned,Stayed
481,44,9,175303.06,1,1,0,65500.53,0,0,1,1,1,0.6208248808271326,High Risk,62.08,Churned,Churned
738,44,2,0.0,2,1,0,43018.82,0,1,1,1,0,0.4374546950167006,Medium Risk,43.75,Churned,Stayed
562,27,3,0.0,2,1,0,28137.03,0,0,0,0,0,0.2858016136156175,Low Risk,28.58,Stayed,Stayed
707,53,6,109663.47,1,1,1,52110.45,0,1,0,0,1,0.6258261903741896,High Risk,62.58,Stayed,Churned
604,47,4,118907.6,1,0,1,47777.15,1,0,0,1,1,0.7359414545033296,High Risk,73.59,Churned,Churned
655,32,9,113447.01,1,1,0,82084.3,1,0,1,0,1,0.5218305693129728,Medium Risk,52.18,Stayed,Churned
674,44,3,88902.21,1,1,0,73731.32,1,0,1,0,1,0.7204712147334527,High Risk,72.05,Stayed,Churned
663,52,0,136298.65,1,1,0,144593.3,0,1,1,1,1,0.7333775999634958,High Risk,73.34,Churned,Churned
510,38,4,0.0,1,1,0,118913.53,0,1,0,1,1,0.5491096048033427,Medium Risk,54.91,Churned,Churned
704,45,6,0.0,1,1,1,137739.45,0,0,0,0,0,0.40572352155943364,Medium Risk,40.57,Stayed,Stayed
659,35,6,0.0,2,1,1,58879.11,0,0,1,0,0,0.13961353098868706,Low Risk,13.96,Stayed,Stayed
682,41,6,0.0,2,0,1,134158.09,0,0,1,1,0,0.2233440293552947,Low Risk,22.33,Churned,Stayed
598,56,4,98365.33,1,1,1,44251.33,0,1,0,0,1,0.6932606840577673,High Risk,69.33,Stayed,Churned
552,42,8,103362.14,1,0,1,186869.58,1,0,0,1,1,0.6777926819779907,High Risk,67.78,Churned,Churned
587,37,6,104414.03,1,1,0,192026.02,1,0,0,0,1,0.7626708085214917,High Risk,76.27,Stayed,Churned
686,37,9,134560.62,1,1,0,27596.39,0,0,1,0,0,0.40771198349832305,Medium Risk,40.77,Stayed,Stayed
697,30,1,0.0,2,0,0,735.79,0,1,1,0,0,0.2240527063321597,Low Risk,22.41,Stayed,Stayed
778,45,1,162150.42,2,1,0,174531.27,1,0,0,0,1,0.843601214589109,High Risk,84.36,Stayed,Churned
850,36,7,102800.72,1,1,1,87352.43,1,0,1,0,0,0.3359412786425692,Low Risk,33.59,Stayed,Stayed
656,36,8,97786.08,2,0,1,21478.36,0,0,1,0,0,0.19152619358198839,Low Risk,19.15,Stayed,Stayed
656,32,1,104254.27,1,1,1,17034.37,0,1,0,0,0,0.2586356017960223,Low Risk,25.86,Stayed,Stayed
849,69,7,71996.09,1,1,1,139065.94,0,0,1,0,1,0.7244668730929275,High Risk,72.45,Stayed,Churned
632,47,3,0.0,2,1,0,178822.32,0,1,1,0,1,0.5463096542711074,Medium Risk,54.63,Stayed,Churned
770,30,8,0.0,2,0,1,50839.85,0,1,1,0,0,0.1002294898286534,Low Risk,10.02,Stayed,Stayed
681,36,5,141952.07,1,1,1,185144.08,0,0,1,0,0,0.24145384467485292,Low Risk,24.15,Stayed,Stayed
660,37,2,97324.91,1,1,0,23291.83,0,0,1,0,0,0.39811807120160414,Low Risk,39.81,Stayed,Stayed
649,36,8,0.0,2,0,1,109179.89,0,0,0,0,0,0.2524632892771181,Low Risk,25.25,Stayed,Stayed
807,42,9,105356.09,2,1,1,130489.37,1,0,0,0,1,0.57304527369246,Medium Risk,57.3,Stayed,Churned
765,44,6,0.0,2,1,1,159899.97,0,0,1,0,0,0.24241113539712034,Low Risk,24.24,Stayed,Stayed
824,49,8,133231.48,1,1,1,67885.37,1,0,1,0,1,0.597377636742194,Medium Risk,59.74,Stayed,Churned
619,25,4,0.0,1,1,0,145524.36,0,0,1,0,0,0.1868842074015466,Low Risk,18.69,Stayed,Stayed
555,35,1,0.0,2,1,0,101667.0,0,1,0,0,0,0.45834888213315755,Medium Risk,45.83,Stayed,Stayed
764,28,10,124023.18,1,1,0,166188.28,1,0,1,0,0,0.44565788904172415,Medium Risk,44.57,Stayed,Stayed
752,53,8,114233.18,1,1,1,51587.04,0,0,0,0,1,0.6029675759419267,High Risk,60.3,Stayed,Churned
772,42,3,75075.31,2,1,0,92888.52,1,0,1,1,1,0.6421408886395225,High Risk,64.21,Churned,Churned
660,40,8,167181.01,1,1,1,185156.94,0,0,0,0,0,0.4446086065815056,Medium Risk,44.46,Stayed,Stayed
670,40,2,164948.98,3,0,0,177028.0,1,0,1,1,1,0.6960999804024592,High Risk,69.61,Churned,Churned
654,32,9,121455.65,1,1,0,190068.53,0,0,1,1,0,0.34993607227974055,Low Risk,34.99,Churned,Stayed
754,61,5,146622.35,1,1,1,41815.22,0,0,1,1,1,0.641261177357632,High Risk,64.13,Churned,Churned
613,41,7,0.0,2,1,0,60297.72,0,0,1,0,0,0.39175814686152455,Low Risk,39.18,Stayed,Stayed
581,37,7,0.0,2,1,1,74320.75,0,0,1,0,0,0.16956798104836238,Low Risk,16.96,Stayed,Stayed
521,43,8,0.0,1,1,1,93180.09,0,0,1,0,0,0.2752521320221951,Low Risk,27.53,Stayed,Stayed
498,34,5,0.0,2,1,1,91711.66,0,0,1,0,0,0.15263933927749948,Low Risk,15.26,Stayed,Stayed
416,25,0,97738.97,2,1,1,160523.33,1,0,0,0,0,0.35786770614957036,Low Risk,35.79,Stayed,Stayed
708,59,2,0.0,1,1,0,179673.11,0,0,0,1,1,0.8360924805285809,High Risk,83.61,Churned,Churned
737,45,2,99169.67,2,1,1,78650.95,1,0,0,0,1,0.6383829468006212,High Risk,63.84,Stayed,Churned
819,35,1,0.0,2,0,1,3385.04,0,0,1,0,0,0.1290238957175369,Low Risk,12.9,Stayed,Stayed
533,35,8,0.0,2,1,1,187900.12,0,0,0,0,0,0.25782497563633316,Low Risk,25.78,Stayed,Stayed
641,40,4,101090.27,1,1,1,51703.09,0,1,0,0,0,0.39460474725274414,Low Risk,39.46,Stayed,Stayed
688,26,0,0.0,2,1,0,105784.85,0,0,1,0,0,0.1729746440273641,Low Risk,17.3,Stayed,Stayed
756,34,2,148200.72,1,0,0,194584.48,1,0,0,0,1,0.7325841101738041,High Risk,73.26,Stayed,Churned
807,43,1,105799.32,2,1,0,34888.04,0,0,1,1,0,0.46320482348591757,Medium Risk,46.32,Churned,Stayed
769,29,2,123757.52,2,1,0,84872.66,0,0,1,0,0,0.2513367372541189,Low Risk,25.13,Stayed,Stayed
489,38,5,117289.92,1,0,0,85231.88,0,0,0,0,1,0.6283070599918724,High Risk,62.83,Stayed,Churned
545,44,1,0.0,2,1,1,82614.89,0,1,0,0,0,0.4074784335373936,Medium Risk,40.75,Stayed,Stayed
773,51,8,116197.65,2,1,1,86701.4,1,0,1,0,1,0.6135306942975266,High Risk,61.35,Stayed,Churned
727,38,2,62276.99,1,1,1,59280.79,0,1,1,0,0,0.2150670814712793,Low Risk,21.51,Stayed,Stayed
639,39,6,150555.83,1,1,0,30414.17,0,0,1,0,0,0.47213593407092413,Medium Risk,47.21,Stayed,Stayed
604,43,2,145081.72,1,1,1,23881.62,0,1,1,0,0,0.3542541231796477,Low Risk,35.43,Stayed,Stayed
585,37,6,152496.82,1,1,1,99907.29,1,0,1,0,0,0.448067585202288,Medium Risk,44.81,Stayed,Stayed
769,51,9,156773.78,2,1,0,40257.79,0,0,1,0,1,0.6440050258553757,High Risk,64.4,Stayed,Churned
581,28,3,104367.5,1,1,1,29937.75,0,0,1,0,0,0.130821465786075,Low Risk,13.08,Stayed,Stayed
524,32,1,144875.71,1,0,0,187740.04,0,0,1,0,0,0.4215375350831289,Medium Risk,42.15,Stayed,Stayed
683,35,1,132371.3,2,0,0,186123.57,1,0,0,0,1,0.7320277027601424,High Risk,73.2,Stayed,Churned
730,37,1,0.0,2,1,1,124364.63,0,0,0,0,0,0.25103756176992575,Low Risk,25.1,Stayed,Stayed
551,27,2,113873.22,1,1,1,85129.77,0,1,1,1,0,0.14117646695529637,Low Risk,14.12,Churned,Stayed
764,40,9,100480.53,1,1,0,124095.69,0,0,0,0,1,0.579451179089752,Medium Risk,57.95,Stayed,Churned
680,47,5,0.0,2,1,1,179843.33,0,0,0,0,0,0.43454577910443226,Medium Risk,43.45,Stayed,Stayed
587,62,7,121286.27,1,0,1,6776.92,0,1,1,0,1,0.6936470092340605,High Risk,69.36,Stayed,Churned
675,42,2,92616.64,2,1,0,8567.18,1,0,1,0,1,0.6578813135307457,High Risk,65.79,Stayed,Churned
735,41,7,179904.0,1,1,1,137180.95,0,0,1,0,0,0.3184906848527606,Low Risk,31.85,Stayed,Stayed
653,38,8,119315.75,1,1,0,150468.35,0,0,1,0,0,0.451215749011792,Medium Risk,45.12,Stayed,Stayed
615,66,7,0.0,2,1,1,74580.8,0,0,1,0,1,0.643383111840812,High Risk,64.34,Stayed,Churned
789,51,3,104677.09,1,1,0,74265.38,1,0,1,0,1,0.8055433462370036,High Risk,80.55,Stayed,Churned
579,36,9,129829.59,1,1,1,60906.12,0,0,1,0,0,0.2275196686843094,Low Risk,22.75,Stayed,Stayed
714,49,5,140510.89,1,1,0,141914.94,1,0,0,0,1,0.8840321261389331,High Risk,88.4,Stayed,Churned
688,32,6,124179.3,1,1,1,138759.15,0,1,1,0,0,0.18273760019719512,Low Risk,18.27,Stayed,Stayed
518,46,4,113625.93,1,0,0,92727.42,1,0,1,1,1,0.8004992321314262,High Risk,80.05,Churned,Churned
737,45,2,0.0,2,0,1,177695.67,0,1,0,0,0,0.4195640596138584,Medium Risk,41.96,Stayed,Stayed
773,23,8,0.0,2,1,0,56759.79,0,1,0,0,0,0.20378007842138646,Low Risk,20.38,Stayed,Stayed
652,33,3,124832.51,1,1,0,195877.06,0,1,0,0,1,0.5286103298048629,Medium Risk,52.86,Stayed,Churned
834,38,8,0.0,2,1,1,66485.26,0,1,1,0,0,0.15462755666072156,Low Risk,15.46,Stayed,Stayed
586,42,6,126704.49,2,1,0,41682.3,1,0,1,0,1,0.6970884975619792,High Risk,69.71,Stayed,Churned
618,41,8,37702.79,1,1,1,195775.48,1,0,1,0,0,0.4536509281320762,Medium Risk,45.37,Stayed,Stayed
650,33,0,98064.97,1,1,0,52411.99,0,0,1,0,0,0.3388842816512883,Low Risk,33.89,Stayed,Stayed
708,41,0,0.0,1,1,0,128400.62,0,0,1,0,0,0.4204653451272005,Medium Risk,42.05,Stayed,Stayed
544,22,3,66483.32,1,0,1,110317.39,0,1,1,0,0,0.09721414313917591,Low Risk,9.72,Stayed,Stayed
710,31,5,0.0,2,1,0,9561.73,0,1,0,0,0,0.3276907567873369,Low Risk,32.77,Stayed,Stayed
525,23,5,0.0,2,1,0,160249.1,0,0,0,0,0,0.2527806406546472,Low Risk,25.28,Stayed,Stayed
825,29,3,148874.01,2,0,1,71192.82,0,0,1,0,0,0.12950027729431432,Low Risk,12.95,Stayed,Stayed
694,31,10,0.0,2,1,0,160990.27,0,0,0,0,0,0.3410361380183709,Low Risk,34.1,Stayed,Stayed
623,23,1,106012.2,2,0,1,191415.94,0,0,1,0,0,0.10135263193648002,Low Risk,10.14,Stayed,Stayed
630,33,9,0.0,2,1,0,64804.59,0,0,1,0,0,0.254694483449469,Low Risk,25.47,Stayed,Stayed
570,29,4,153040.03,1,1,1,131363.57,0,0,0,1,0,0.26104307185630754,Low Risk,26.1,Churned,Stayed
578,28,8,161592.76,1,1,0,177834.79,0,1,0,0,0,0.4639922018262151,Medium Risk,46.4,Stayed,Stayed
611,43,8,64897.75,1,1,0,114996.33,0,0,0,0,1,0.6422533795027066,High Risk,64.23,Stayed,Churned
597,46,4,0.0,2,1,0,58667.16,0,1,0,1,1,0.6400823017727908,High Risk,64.01,Churned,Churned
850,44,8,0.0,2,1,1,183617.32,0,1,1,0,0,0.23995389759803556,Low Risk,24.0,Stayed,Stayed
737,43,1,125537.38,1,1,0,138510.01,1,0,0,1,1,0.8226084721254568,High Risk,82.26,Churned,Churned
703,42,7,0.0,2,0,1,72500.68,0,0,0,0,0,0.33115767404560326,Low Risk,33.12,Stayed,Stayed
681,25,5,0.0,1,0,1,90860.97,0,0,1,0,0,0.08342902874709458,Low Risk,8.34,Stayed,Stayed
459,42,6,129634.25,2,1,1,177683.02,0,1,0,1,0,0.4919411190239767,Medium Risk,49.19,Churned,Stayed
850,39,2,148586.64,1,1,1,176791.27,0,0,0,0,0,0.3796942390897797,Low Risk,37.97,Stayed,Stayed
622,34,7,98675.74,1,1,0,138906.85,1,0,0,1,1,0.6979996982365987,High Risk,69.8,Churned,Churned
593,44,5,0.0,1,1,0,128046.98,0,1,1,0,1,0.5084815042503704,Medium Risk,50.85,Stayed,Churned
708,51,8,70754.18,1,1,1,92920.04,0,0,0,1,1,0.5545127185562774,Medium Risk,55.45,Churned,Churned
850,38,0,106831.69,1,0,1,148977.72,0,0,0,0,0,0.34824888172384455,Low Risk,34.82,Stayed,Stayed
733,48,7,85915.52,1,1,1,23860.5,1,0,1,0,1,0.5584029692073416,Medium Risk,55.84,Stayed,Churned
697,43,7,115371.94,2,1,0,64139.1,1,0,1,0,1,0.6880129984764687,High Risk,68.8,Stayed,Churned
443,35,6,161111.45,1,0,0,13946.66,0,0,1,0,0,0.46141124476520734,Medium Risk,46.14,Stayed,Stayed
596,21,4,210433.08,2,0,1,197297.77,0,0,1,1,0,0.11608597507184745,Low Risk,11.61,Churned,Stayed
645,25,1,157404.02,2,1,0,93073.04,1,0,1,0,0,0.4132822103805198,Medium Risk,41.33,Stayed,Stayed
621,47,7,107363.29,1,1,1,66799.28,1,0,1,0,1,0.5885202295959875,Medium Risk,58.85,Stayed,Churned
741,21,9,0.0,2,0,1,139259.54,0,0,0,0,0,0.09185491990383406,Low Risk,9.19,Stayed,Stayed
595,64,2,105736.32,1,1,1,89935.73,1,0,0,1,1,0.9064937424904514,High Risk,90.65,Churned,Churned
630,49,1,0.0,2,0,1,162858.29,0,1,0,0,1,0.5175162005025971,Medium Risk,51.75,Stayed,Churned
562,45,6,136855.24,1,1,0,46864.0,0,0,1,0,1,0.5964737916288723,Medium Risk,59.65,Stayed,Churned
777,35,3,0.0,2,1,1,17257.72,0,1,0,0,0,0.20753656199767567,Low Risk,20.75,Stayed,Stayed
720,64,3,45752.78,2,1,0,79623.28,0,1,1,1,1,0.8089412347169042,High Risk,80.89,Churned,Churned
626,26,8,148610.41,3,0,1,104502.02,0,1,0,1,0,0.1891807665218132,Low Risk,18.92,Churned,Stayed
714,45,8,150900.29,2,0,1,139889.15,0,1,1,0,0,0.37816972808715543,Low Risk,37.82,Stayed,Stayed
538,33,6,93791.38,1,1,1,199249.29,0,0,1,0,0,0.2019371831896644,Low Risk,20.19,Stayed,Stayed
633,36,6,125130.28,1,0,0,125961.48,0,0,0,0,1,0.5730285165455069,Medium Risk,57.3,Stayed,Churned
667,77,2,0.0,1,1,1,34702.92,0,1,1,0,1,0.8224636825650916,High Risk,82.25,Stayed,Churned
754,35,4,0.0,2,1,0,44830.71,0,0,0,0,0,0.3842862688986201,Low Risk,38.43,Stayed,Stayed
554,42,1,0.0,2,0,1,183492.9,0,1,1,0,0,0.2842768178987639,Low Risk,28.43,Stayed,Stayed
618,56,7,0.0,1,1,1,142400.27,0,0,1,1,0,0.49614212429845783,Medium Risk,49.61,Churned,Stayed
583,22,2,0.0,2,0,1,5985.36,0,1,0,0,0,0.11016558000438322,Low Risk,11.02,Stayed,Stayed
756,28,8,179960.2,1,1,0,89938.08,0,0,1,0,0,0.2823795138606535,Low Risk,28.24,Stayed,Stayed
782,27,3,0.0,2,1,0,143614.01,0,1,0,0,0,0.277435205551044,Low Risk,27.74,Stayed,Stayed
712,36,2,100749.5,3,0,0,70758.37,0,0,1,1,0,0.3511824638438668,Low Risk,35.12,Churned,Stayed
793,54,2,128966.13,1,0,0,18633.4,1,0,1,1,1,0.8509196239670967,High Risk,85.09,Churned,Churned
578,46,5,113226.47,1,1,0,56770.76,0,0,1,0,1,0.5989543950824157,Medium Risk,59.9,Stayed,Churned
709,32,4,147307.91,1,0,1,40861.55,0,0,1,0,0,0.18084871437964276,Low Risk,18.08,Stayed,Stayed
513,41,9,107135.04,2,1,1,160546.58,0,1,0,0,0,0.43654545819157337,Medium Risk,43.65,Stayed,Stayed
507,46,6,92783.68,1,1,1,51424.29,0,1,1,0,0,0.3932557744312101,Low Risk,39.33,Stayed,Stayed
724,40,10,0.0,1,1,0,127847.25,0,0,1,1,0,0.3829673298198138,Low Risk,38.3,Churned,Stayed
661,32,1,145980.23,1,0,1,56636.28,1,0,0,0,0,0.48364543814435434,Medium Risk,48.36,Stayed,Stayed
590,32,0,127763.24,1,1,0,100717.54,0,0,0,0,0,0.4957266178599187,Medium Risk,49.57,Stayed,Stayed
554,31,6,135470.9,1,1,0,107074.81,1,0,0,0,1,0.6797990769341673,High Risk,67.98,Stayed,Churned
597,28,2,0.0,3,1,1,78707.97,0,0,1,0,0,0.08693711971311491,Low Risk,8.69,Stayed,Stayed
474,26,6,0.0,2,0,0,152491.22,0,0,1,0,0,0.21417096587023227,Low Risk,21.42,Stayed,Stayed
593,48,3,133903.12,2,1,1,85902.39,1,0,0,1,1,0.7358762921420814,High Risk,73.59,Churned,Churned
594,41,2,122545.65,2,1,1,42050.24,1,0,1,0,0,0.4698894367163822,Medium Risk,46.99,Stayed,Stayed
576,41,4,112609.91,1,0,0,191035.18,0,0,0,1,1,0.6816856449877426,High Risk,68.17,Churned,Churned
566,22,7,144954.75,2,1,0,102246.0,1,0,1,0,0,0.36037287252915934,Low Risk,36.04,Stayed,Stayed
612,63,2,131629.17,2,1,0,122109.58,0,1,0,1,1,0.9086677339114215,High Risk,90.87,Churned,Churned
724,40,6,0.0,2,0,0,106149.48,0,0,1,0,0,0.377597841298848,Low Risk,37.76,Stayed,Stayed
790,34,2,164011.48,1,1,0,199420.41,1,0,0,0,1,0.7223997356521414,High Risk,72.24,Stayed,Churned
657,29,7,83889.03,1,1,0,153059.62,0,1,1,0,0,0.28479589180958054,Low Risk,28.48,Stayed,Stayed
687,48,4,0.0,2,1,1,170893.85,0,0,1,0,0,0.3226216273549597,Low Risk,32.26,Stayed,Stayed
723,38,6,0.0,2,1,1,94415.6,0,1,1,0,0,0.17349783787071904,Low Risk,17.35,Stayed,Stayed
662,22,9,0.0,2,1,1,44377.65,0,0,0,0,0,0.09137873755826773,Low Risk,9.14,Stayed,Stayed
786,39,7,0.0,2,0,0,100929.59,0,1,0,0,0,0.4898258899957761,Medium Risk,48.98,Stayed,Stayed
524,40,2,180516.9,1,1,0,180002.42,0,0,1,0,1,0.5770386113501229,Medium Risk,57.7,Stayed,Churned
625,52,8,121161.57,1,1,0,48988.28,0,1,1,0,1,0.7041569060253805,High Risk,70.42,Stayed,Churned
759,22,5,0.0,1,1,0,22303.17,0,0,0,0,0,0.19887619655073913,Low Risk,19.89,Stayed,Stayed
678,41,1,143443.61,1,1,0,196622.28,0,0,0,1,1,0.67070324566978,High Risk,67.07,Churned,Churned
601,37,5,0.0,1,0,0,20708.6,0,0,0,0,0,0.4900105269255048,Medium Risk,49.0,Stayed,Stayed
661,48,3,120320.54,1,0,0,96463.25,0,0,1,0,1,0.6493454372637456,High Risk,64.93,Stayed,Churned
671,38,0,92674.94,2,1,0,3647.57,0,1,1,0,0,0.3993013373084362,Low Risk,39.93,Stayed,Stayed
663,33,5,157274.36,2,1,1,28531.81,0,0,1,0,0,0.17494043635483533,Low Risk,17.49,Stayed,Stayed
800,46,6,0.0,2,1,0,171928.04,0,1,0,0,1,0.6176050249558082,High Risk,61.76,Stayed,Churned
650,30,6,0.0,1,0,0,67997.13,0,1,0,1,0,0.3712372759007883,Low Risk,37.12,Churned,Stayed
807,37,10,130110.45,2,0,1,172097.95,1,0,1,0,0,0.3860479439558409,Low Risk,38.6,Stayed,Stayed
687,30,6,0.0,2,0,0,179206.92,0,0,0,0,0,0.35048218892329497,Low Risk,35.05,Stayed,Stayed
478,50,2,0.0,1,0,1,93332.64,0,0,0,1,1,0.5645195529351523,Medium Risk,56.45,Churned,Churned
497,27,7,149400.27,1,0,0,167522.19,0,1,1,0,0,0.3403547220613401,Low Risk,34.04,Stayed,Stayed
678,55,4,129646.91,1,1,1,184125.1,1,0,1,1,1,0.7505589775278957,High Risk,75.06,Churned,Churned
705,44,10,106731.58,1,1,0,137419.87,1,0,0,1,1,0.8215140140530462,High Risk,82.15,Churned,Churned
702,39,8,0.0,2,1,0,99654.13,0,1,1,0,0,0.35685419150956077,Low Risk,35.69,Stayed,Stayed
688,46,0,74458.25,1,0,1,6866.31,1,0,0,0,1,0.6764722980793184,High Risk,67.65,Stayed,Churned
701,29,2,0.0,2,1,0,176943.59,0,0,1,0,0,0.21446866388209795,Low Risk,21.45,Stayed,Stayed
621,26,2,75237.54,1,0,1,44220.4,0,0,1,0,0,0.11148377365743502,Low Risk,11.15,Stayed,Stayed
595,39,7,120962.13,1,0,0,23305.01,0,0,0,0,1,0.6102450897950662,High Risk,61.02,Stayed,Churned
717,38,7,97459.06,1,0,0,189175.71,0,0,1,0,0,0.4489356796640865,Medium Risk,44.89,Stayed,Stayed
503,37,6,0.0,2,0,0,136506.86,0,1,1,0,0,0.39010333664758884,Low Risk,39.01,Stayed,Stayed
576,46,4,137367.94,1,1,1,33450.11,1,0,1,0,1,0.5979745463709374,Medium Risk,59.8,Stayed,Churned
760,51,2,100946.71,1,0,0,179614.8,0,0,0,1,1,0.7904114051576437,High Risk,79.04,Churned,Churned
841,32,2,117070.21,1,1,0,113482.2,1,0,1,0,1,0.5007510840114021,Medium Risk,50.08,Stayed,Churned
694,37,10,143835.47,1,0,1,33326.71,0,0,1,0,0,0.23656208962938272,Low Risk,23.66,Stayed,Stayed
850,39,6,206014.94,2,0,1,42774.84,0,1,1,1,0,0.2700984463822853,Low Risk,27.01,Churned,Stayed
689,57,4,0.0,2,1,0,136649.8,0,1,0,1,1,0.8020905056485559,High Risk,80.21,Churned,Churned
521,39,3,146408.68,1,0,0,72993.67,0,1,0,0,1,0.6708420984731848,High Risk,67.08,Stayed,Churned
850,36,0,0.0,2,1,0,141242.57,0,1,1,0,0,0.29683262433913976,Low Risk,29.68,Stayed,Stayed
656,41,6,101179.23,2,1,1,35230.61,0,1,0,0,0,0.379455869774436,Low Risk,37.95,Stayed,Stayed
665,23,9,143672.9,1,1,1,115147.33,0,0,0,0,0,0.1602281434244844,Low Risk,16.02,Stayed,Stayed
748,40,4,0.0,2,1,0,132368.47,0,1,0,0,1,0.5118411429779532,Medium Risk,51.18,Stayed,Churned
850,68,5,169445.4,1,1,1,186335.07,0,0,1,0,1,0.7719235416567243,High Risk,77.19,Stayed,Churned
753,36,7,128518.98,1,1,1,44567.83,0,0,0,1,0,0.30206391968099655,Low Risk,30.21,Churned,Stayed
656,50,7,0.0,2,0,1,72143.44,0,0,1,0,0,0.35472212707648243,Low Risk,35.47,Stayed,Stayed
687,50,5,0.0,2,1,0,110230.4,0,1,0,0,1,0.6980828535118602,High Risk,69.81,Stayed,Churned
636,33,0,0.0,1,1,0,92277.47,0,1,0,1,0,0.4267980886824902,Medium Risk,42.68,Churned,Stayed
774,53,4,113709.28,1,1,1,153887.93,0,0,1,1,0,0.49143548018097966,Medium Risk,49.14,Churned,Stayed
577,31,6,0.0,1,1,1,196395.25,0,1,1,0,0,0.14510400006859298,Low Risk,14.51,Stayed,Stayed
531,47,6,0.0,1,0,0,194998.34,0,0,0,1,1,0.7174799100304334,High Risk,71.75,Churned,Churned
794,56,9,96951.21,1,1,1,71776.76,0,0,1,0,1,0.506031272979662,Medium Risk,50.6,Stayed,Churned
713,47,1,0.0,1,1,0,107825.08,0,1,0,1,1,0.6702535735638528,High Risk,67.03,Churned,Churned
569,51,3,0.0,3,1,0,75084.96,0,1,0,1,1,0.7116858962506524,High Risk,71.17,Churned,Churned
827,38,5,0.0,2,0,0,103305.01,0,0,1,0,0,0.3227811438853548,Low Risk,32.28,Stayed,Stayed
613,38,9,126265.88,2,0,0,15859.95,1,0,1,0,1,0.6295971413160291,High Risk,62.96,Stayed,Churned
660,24,5,85089.3,1,1,1,71638.0,1,0,1,0,0,0.18617968019614128,Low Risk,18.62,Stayed,Stayed
608,28,4,0.0,2,1,0,10899.63,0,1,0,1,0,0.29995555875956453,Low Risk,30.0,Churned,Stayed
737,45,10,0.0,2,1,0,1364.54,0,0,1,0,0,0.42104957883498884,Medium Risk,42.1,Stayed,Stayed
608,38,8,103653.51,2,1,1,137079.86,1,0,0,0,1,0.5440250477670033,Medium Risk,54.4,Stayed,Churned
535,38,8,85982.07,1,1,0,9238.35,0,0,1,0,0,0.4236575629633884,Medium Risk,42.37,Stayed,Stayed
807,60,1,72948.58,2,1,1,17355.36,1,0,0,0,1,0.821485464318315,High Risk,82.15,Stayed,Churned
655,37,8,163708.58,2,0,0,76259.23,0,1,1,0,0,0.4530878689407114,Medium Risk,45.31,Stayed,Stayed
850,43,5,129305.09,2,0,1,19244.58,1,0,1,0,0,0.4625519363719455,Medium Risk,46.26,Stayed,Stayed
588,37,2,0.0,2,0,1,187816.59,0,1,1,0,0,0.2079048301533126,Low Risk,20.79,Stayed,Stayed
635,29,8,138296.94,2,1,0,141075.51,0,1,0,0,0,0.4214403432831948,Medium Risk,42.14,Stayed,Stayed
766,28,3,62717.84,2,1,1,13182.43,1,0,0,0,0,0.28498589561179005,Low Risk,28.5,Stayed,Stayed
799,38,2,0.0,2,1,1,59297.34,0,1,1,0,0,0.1632127516757611,Low Risk,16.32,Stayed,Stayed
637,27,7,135842.89,1,1,1,101418.05,1,0,0,0,0,0.3722852069330971,Low Risk,37.23,Stayed,Stayed
603,42,6,0.0,1,1,1,90437.87,0,1,0,0,0,0.3762643699795514,Low Risk,37.63,Stayed,Stayed
641,41,6,0.0,2,1,0,65396.79,0,0,1,0,0,0.38836515940368976,Low Risk,38.84,Stayed,Stayed
508,43,9,0.0,1,1,0,103726.71,0,0,0,0,1,0.6174040386613201,High Risk,61.74,Stayed,Churned
669,37,1,125529.55,1,1,1,162260.93,0,0,1,0,0,0.25007627198550564,Low Risk,25.01,Stayed,Stayed
554,44,7,85304.27,1,1,1,58076.52,0,0,1,0,0,0.3305967980535,Low Risk,33.06,Stayed,Stayed
646,52,6,111739.4,2,0,1,68367.18,1,0,0,0,1,0.7779325031457098,High Risk,77.79,Stayed,Churned
695,40,7,139022.24,1,0,1,193383.13,1,0,1,0,1,0.5070608326543965,Medium Risk,50.71,Stayed,Churned
772,34,7,111565.91,1,1,1,121073.23,1,0,1,0,0,0.32981752973558864,Low Risk,32.98,Stayed,Stayed
762,51,3,99286.98,1,0,1,85578.63,0,0,0,0,1,0.5857260141907739,Medium Risk,58.57,Stayed,Churned
745,28,6,0.0,2,1,0,154389.18,0,0,0,0,0,0.2863805800496567,Low Risk,28.64,Stayed,Stayed
466,47,5,102085.72,1,1,1,183536.24,1,0,0,1,1,0.7586883651985227,High Risk,75.87,Churned,Churned
642,55,7,0.0,2,1,1,101515.76,0,0,0,0,1,0.5740471114620895,Medium Risk,57.4,Stayed,Churned
735,41,7,74135.85,1,1,1,11783.1,0,0,1,1,0,0.23693398377654445,Low Risk,23.69,Churned,Stayed
691,30,9,0.0,2,0,1,10963.04,0,1,1,0,0,0.10293302584713775,Low Risk,10.29,Stayed,Stayed
705,50,4,77065.9,2,0,1,145159.26,0,0,0,0,1,0.5512193696277033,Medium Risk,55.12,Stayed,Churned
850,34,3,129668.43,2,1,1,88743.99,1,0,0,0,0,0.42969126319911555,Medium Risk,42.97,Stayed,Stayed
744,43,10,147832.15,1,0,1,24234.11,0,0,0,0,0,0.4478232674132735,Medium Risk,44.78,Stayed,Stayed
420,31,1,108377.75,2,1,1,9904.63,1,0,0,0,0,0.4402060065120942,Medium Risk,44.02,Stayed,Stayed
702,29,6,149218.39,1,1,1,9633.01,0,0,0,0,0,0.21574729260743983,Low Risk,21.57,Stayed,Stayed
612,47,6,130024.87,1,1,1,45750.21,1,0,0,1,1,0.7240748219426737,High Risk,72.41,Churned,Churned
670,33,8,126679.69,1,1,1,39451.09,0,0,1,0,0,0.17447049408836154,Low Risk,17.45,Stayed,Stayed
612,43,4,139496.35,2,1,1,77128.23,0,0,0,0,0,0.45087014609445913,Medium Risk,45.09,Stayed,Stayed
543,31,4,138317.94,1,0,0,61843.73,0,0,0,0,0,0.4970553080926471,Medium Risk,49.71,Stayed,Stayed
584,38,9,104584.16,1,1,0,176678.72,0,0,1,0,0,0.4604580644322233,Medium Risk,46.05,Stayed,Stayed
553,27,3,0.0,2,0,0,159800.16,0,0,0,0,0,0.3269106549058967,Low Risk,32.69,Stayed,Stayed
611,61,3,131583.59,4,0,1,66238.23,0,0,0,1,1,0.7350967934049103,High Risk,73.51,Churned,Churned
661,51,6,146606.6,1,1,1,68021.9,0,0,1,0,0,0.479877431698876,Medium Risk,47.99,Stayed,Stayed
850,31,3,0.0,2,1,0,121866.87,0,0,1,0,0,0.20829337362850342,Low Risk,20.83,Stayed,Stayed
842,37,4,132446.08,2,1,0,87071.18,0,0,0,1,1,0.5031126660104416,Medium Risk,50.31,Churned,Churned
511,27,8,0.0,2,1,1,49089.36,0,0,1,0,0,0.08980002770844699,Low Risk,8.98,Stayed,Stayed
516,31,3,0.0,2,1,0,124202.26,0,1,0,0,0,0.39420144677936386,Low Risk,39.42,Stayed,Stayed
493,48,7,0.0,2,1,0,48545.1,0,1,0,0,1,0.6885742979715738,High Risk,68.86,Stayed,Churned
850,37,4,137204.77,1,1,1,28865.59,0,1,1,0,0,0.2124568314911173,Low Risk,21.25,Stayed,Stayed
567,29,8,0.0,2,1,0,156125.72,0,1,1,0,0,0.235172051480833,Low Risk,23.52,Stayed,Stayed
679,34,7,160515.37,1,1,0,121904.14,0,0,1,0,0,0.3949960059515953,Low Risk,39.5,Stayed,Stayed
572,19,1,138657.08,1,1,1,16161.82,1,0,0,0,0,0.24947935626991657,Low Risk,24.95,Stayed,Stayed
606,36,0,94153.56,1,0,1,120138.27,0,1,1,0,0,0.24754295437906462,Low Risk,24.75,Stayed,Stayed
797,24,5,0.0,2,1,0,182257.61,0,0,1,0,0,0.1442410621699575,Low Risk,14.42,Stayed,Stayed
675,36,7,89409.95,1,1,1,149399.7,1,0,1,0,0,0.37596367757069676,Low Risk,37.6,Stayed,Stayed
591,44,10,113581.98,1,1,0,1985.41,1,0,0,0,1,0.8219308311088663,High Risk,82.19,Stayed,Churned
671,45,2,106376.85,1,0,1,158264.62,0,0,1,0,0,0.3810599443256928,Low Risk,38.11,Stayed,Stayed
731,37,8,0.0,2,1,1,170338.35,0,0,1,0,0,0.1616633161836513,Low Risk,16.17,Stayed,Stayed
701,43,2,0.0,2,1,1,165303.79,0,0,1,0,0,0.2446788039853807,Low Risk,24.47,Stayed,Stayed
662,72,7,140301.72,1,0,1,179258.67,0,1,0,0,1,0.9058395299907859,High Risk,90.58,Stayed,Churned
496,59,7,91680.1,2,1,0,163141.18,1,0,0,1,1,0.9403795669969632,High Risk,94.04,Churned,Churned
811,52,10,76915.4,1,0,0,146359.81,1,0,1,1,1,0.8156123826696928,High Risk,81.56,Churned,Churned
638,42,8,145177.84,1,1,0,193471.74,1,0,1,1,1,0.7424311868292041,High Risk,74.24,Churned,Churned
495,34,9,117160.32,1,1,1,116069.24,1,0,0,1,1,0.5215127571244356,Medium Risk,52.15,Churned,Churned
622,40,4,99799.76,2,1,0,197372.13,0,0,1,0,0,0.47441553673857634,Medium Risk,47.44,Stayed,Stayed
607,29,7,102609.0,1,1,0,163257.44,1,0,1,0,0,0.4890174336800451,Medium Risk,48.9,Stayed,Stayed
786,24,2,120135.55,2,1,1,125449.47,1,0,1,0,0,0.1791455459082846,Low Risk,17.91,Stayed,Stayed
798,49,5,132571.67,1,1,1,31686.33,1,0,0,1,1,0.7212481050854403,High Risk,72.12,Churned,Churned
559,49,2,147069.78,1,1,0,120540.83,0,0,1,1,1,0.6937987299032387,High Risk,69.38,Churned,Churned
816,34,2,108410.87,2,1,0,102908.91,1,0,0,0,1,0.6437835243355293,High Risk,64.38,Stayed,Churned
682,40,4,0.0,2,1,1,140745.91,0,0,1,0,0,0.20209795667505845,Low Risk,20.21,Stayed,Stayed
533,47,9,83347.25,1,1,1,137696.25,0,0,1,0,0,0.39977673629464644,Low Risk,39.98,Stayed,Stayed
651,40,1,134760.21,2,0,0,174434.06,1,0,1,1,1,0.7035439769912937,High Risk,70.35,Churned,Churned
395,34,5,106011.59,1,1,1,17376.57,1,0,0,1,1,0.5209661672580368,Medium Risk,52.1,Churned,Churned
543,30,6,73481.05,1,1,1,176692.65,1,0,1,0,0,0.2975206743261117,Low Risk,29.75,Stayed,Stayed
731,35,2,127862.93,2,1,0,139083.7,1,0,1,0,1,0.5706503844389335,Medium Risk,57.07,Stayed,Churned
739,40,5,149131.03,3,1,1,60036.99,1,0,1,1,0,0.41205963670937307,Medium Risk,41.21,Churned,Stayed
595,30,5,100683.54,1,1,1,178361.04,0,1,0,0,0,0.26030546845203645,Low Risk,26.03,Stayed,Stayed
664,53,7,187602.18,1,1,0,186392.99,0,1,0,1,1,0.8544647900645492,High Risk,85.45,Churned,Churned
639,27,2,0.0,2,0,0,125244.18,0,0,0,0,0,0.3049795824469808,Low Risk,30.5,Stayed,Stayed
683,38,5,127616.56,1,1,0,123846.07,0,0,0,0,1,0.5850544073248164,Medium Risk,58.51,Stayed,Churned
769,73,1,0.0,1,1,1,29792.11,0,0,0,0,1,0.8361896150234148,High Risk,83.62,Stayed,Churned
593,32,3,0.0,2,1,1,151978.36,0,0,0,0,0,0.207658695245638,Low Risk,20.77,Stayed,Stayed
624,45,3,68639.57,1,1,0,168002.31,0,0,0,1,1,0.6932899274567828,High Risk,69.33,Churned,Churned
612,62,0,167026.61,2,1,1,192892.05,0,1,0,0,1,0.8192462431080735,High Risk,81.92,Stayed,Churned
548,29,4,0.0,2,0,1,48673.18,0,0,0,0,0,0.17436908799982398,Low Risk,17.44,Stayed,Stayed
525,25,10,0.0,2,1,0,69361.95,0,1,0,0,0,0.27116980012996894,Low Risk,27.12,Stayed,Stayed
805,31,4,0.0,2,1,0,4798.12,0,0,0,0,0,0.29788800465394816,Low Risk,29.79,Stayed,Stayed
465,33,6,0.0,2,1,1,95500.98,0,1,0,0,0,0.2384177555866213,Low Risk,23.84,Stayed,Stayed
706,46,4,105214.58,1,1,0,108699.59,1,0,0,1,1,0.8438982432079339,High Risk,84.39,Churned,Churned
649,70,9,116854.71,2,0,1,107125.79,1,0,1,0,1,0.8913251234665407,High Risk,89.13,Stayed,Churned
507,36,4,83543.37,1,0,0,140134.43,0,0,1,0,0,0.44253545137803924,Medium Risk,44.25,Stayed,Stayed
561,27,9,135637.0,1,1,0,153080.4,0,0,0,1,0,0.4104738058719826,Medium Risk,41.05,Churned,Stayed
648,39,6,130694.89,2,1,1,153955.38,0,0,0,1,0,0.37648366086058216,Low Risk,37.65,Churned,Stayed
579,29,10,73194.52,2,1,1,129209.09,0,0,0,0,0,0.1955911429942563,Low Risk,19.56,Stayed,Stayed
650,46,9,149003.76,2,1,0,176902.83,1,0,0,0,1,0.8569138280853927,High Risk,85.69,Stayed,Churned
501,24,4,130806.42,2,1,0,80241.14,1,0,1,0,0,0.40069844909301083,Medium Risk,40.07,Stayed,Stayed
535,38,8,0.0,2,1,0,136620.64,0,0,0,0,1,0.5023800376908498,Medium Risk,50.24,Stayed,Churned
718,35,8,0.0,2,1,0,94820.85,0,0,1,0,0,0.2753194086986721,Low Risk,27.53,Stayed,Stayed
505,34,10,104498.79,1,0,1,126451.14,0,0,1,0,0,0.2212087766600285,Low Risk,22.12,Stayed,Stayed
631,33,7,0.0,1,1,1,58043.02,0,0,1,1,0,0.13545129549414042,Low Risk,13.55,Churned,Stayed
473,25,6,110666.42,2,0,0,46758.42,0,0,0,0,0,0.3522256871907453,Low Risk,35.22,Stayed,Stayed
611,34,4,0.0,2,1,0,170950.58,0,1,1,0,0,0.3102271207423201,Low Risk,31.02,Stayed,Stayed
477,57,9,114023.64,2,1,1,71167.17,0,0,0,1,1,0.7071332909760809,High Risk,70.71,Churned,Churned
695,36,4,161533.0,1,1,0,100940.91,0,0,1,0,0,0.42934519256253445,Medium Risk,42.93,Stayed,Stayed
581,50,4,0.0,2,1,1,80701.72,0,1,0,0,1,0.5072544436681713,Medium Risk,50.73,Stayed,Churned
610,50,5,130554.51,3,1,0,184758.17,0,1,0,1,1,0.7759719869848554,High Risk,77.6,Churned,Churned
636,48,1,170833.46,1,1,0,110510.28,0,0,0,1,1,0.7831166123786988,High Risk,78.31,Churned,Churned
687,35,1,125141.24,2,1,1,148537.07,1,0,1,0,0,0.36495540992606745,Low Risk,36.5,Stayed,Stayed
477,22,5,82559.42,2,0,0,163112.9,0,0,1,1,0,0.2044646438861531,Low Risk,20.45,Churned,Stayed
494,37,5,107106.33,2,1,0,172063.09,1,0,1,0,1,0.6460254920195101,High Risk,64.6,Stayed,Churned
704,44,9,153656.85,1,1,0,158742.81,0,1,0,0,1,0.7140713924080052,High Risk,71.41,Stayed,Churned
484,29,4,130114.39,1,1,0,164017.89,0,0,0,0,0,0.4716208653418306,Medium Risk,47.16,Stayed,Stayed
537,39,3,135309.36,1,1,0,31728.86,1,0,1,1,1,0.6864101442648906,High Risk,68.64,Churned,Churned
548,37,9,0.0,2,0,0,98029.58,0,0,0,0,0,0.48767628110847927,Medium Risk,48.77,Stayed,Stayed
748,60,3,0.0,2,1,1,78194.37,0,1,1,0,1,0.5243753639812959,Medium Risk,52.44,Stayed,Churned
695,44,8,0.0,2,1,1,70974.13,0,1,1,0,0,0.24743171882056417,Low Risk,24.74,Stayed,Stayed
702,23,7,98775.23,1,1,0,114603.96,1,0,0,0,0,0.47665030052925556,Medium Risk,47.67,Stayed,Stayed
585,40,7,0.0,2,0,0,146156.98,0,0,1,0,0,0.414438488235224,Medium Risk,41.44,Stayed,Stayed
706,38,5,163034.82,2,1,1,135662.17,1,0,1,0,0,0.4321803216291426,Medium Risk,43.22,Stayed,Stayed
850,39,7,79259.99,1,0,1,186910.74,0,0,0,0,0,0.3451465479523382,Low Risk,34.51,Stayed,Stayed
712,42,1,87842.98,1,0,0,92223.59,0,0,0,0,1,0.6405234015069503,High Risk,64.05,Stayed,Churned
518,38,10,84764.79,1,1,1,162253.9,0,0,0,0,0,0.37462014053679016,Low Risk,37.46,Stayed,Stayed
569,35,4,93934.63,1,1,0,184748.23,0,0,0,0,1,0.54561458639921,Medium Risk,54.56,Stayed,Churned
721,32,10,0.0,1,1,0,136119.96,0,1,0,1,0,0.3836315921633769,Low Risk,38.36,Churned,Stayed
605,39,3,0.0,2,1,0,199390.45,0,0,1,0,0,0.39256496639734306,Low Risk,39.26,Stayed,Stayed
738,49,3,0.0,3,1,1,65066.48,0,1,1,1,0,0.3010734129359063,Low Risk,30.11,Churned,Stayed
662,22,2,126362.57,2,1,1,97382.8,0,0,0,0,0,0.1360806928396611,Low Risk,13.61,Stayed,Stayed
841,27,8,0.0,1,1,0,171922.72,0,0,1,0,0,0.17931344132624533,Low Risk,17.93,Stayed,Stayed
703,45,7,0.0,2,1,1,68831.72,0,0,0,0,0,0.36650921189327584,Low Risk,36.65,Stayed,Stayed
651,44,2,0.0,3,1,0,102530.35,0,0,1,1,0,0.4316294677518234,Medium Risk,43.16,Churned,Stayed
565,33,8,130368.31,2,1,0,105642.43,1,0,1,0,1,0.5548956828870016,Medium Risk,55.49,Stayed,Churned
565,44,1,0.0,2,0,1,89602.81,0,0,0,0,0,0.40804437038641805,Medium Risk,40.8,Stayed,Stayed
521,38,6,0.0,2,1,0,51454.06,0,0,1,0,0,0.3573745993270482,Low Risk,35.74,Stayed,Stayed
714,40,9,46520.69,1,1,1,96687.25,0,0,1,0,0,0.22392818309003543,Low Risk,22.39,Stayed,Stayed
636,28,2,115265.14,1,0,0,191627.85,1,0,0,0,1,0.6372407626296284,High Risk,63.72,Stayed,Churned
456,32,9,133060.63,1,1,1,125167.92,1,0,1,0,0,0.3716574007569503,Low Risk,37.17,Stayed,Stayed
686,39,3,111695.62,1,0,0,136643.84,0,0,0,0,1,0.614428623255258,High Risk,61.44,Stayed,Churned
548,32,2,98986.28,1,1,1,55867.38,1,0,1,0,0,0.327446402130893,Low Risk,32.74,Stayed,Stayed
554,44,9,135814.7,2,0,0,115091.38,0,0,0,0,1,0.7061422622380308,High Risk,70.61,Stayed,Churned
649,41,2,125785.23,1,1,1,70523.92,0,0,0,0,0,0.4218625274114846,Medium Risk,42.19,Stayed,Stayed
750,38,1,0.0,2,1,0,47764.99,0,0,0,0,0,0.4459223703789978,Medium Risk,44.59,Stayed,Stayed
724,41,4,142880.28,3,0,0,185541.2,0,1,0,1,1,0.6377118582354477,High Risk,63.77,Churned,Churned
595,46,10,0.0,1,1,0,73489.15,0,0,1,1,1,0.5121406319979669,Medium Risk,51.21,Churned,Churned
691,21,3,103000.94,1,1,1,104648.58,0,1,1,0,0,0.08249798188321587,Low Risk,8.25,Stayed,Stayed
807,47,1,95120.59,1,0,0,127875.1,0,0,1,0,1,0.5933618428315005,Medium Risk,59.34,Stayed,Churned
470,30,4,125385.01,1,1,0,68293.93,0,1,1,0,0,0.351135247485022,Low Risk,35.11,Stayed,Stayed
662,74,6,0.0,2,1,0,123583.85,0,0,1,0,1,0.8901281959109337,High Risk,89.01,Stayed,Churned
519,39,2,112957.26,2,1,0,97593.16,0,0,1,0,0,0.46916931993146216,Medium Risk,46.92,Stayed,Stayed
755,31,5,0.0,2,0,1,194660.78,0,0,1,0,0,0.11772789449111087,Low Risk,11.77,Stayed,Stayed
593,41,6,0.0,2,1,1,99136.49,0,0,1,0,0,0.219867893804382,Low Risk,21.99,Stayed,Stayed
713,47,1,95994.98,1,1,0,197529.23,1,0,1,0,1,0.7828284880311898,High Risk,78.28,Stayed,Churned
619,28,6,99152.73,2,1,0,48475.12,1,0,0,0,1,0.5528903526267859,Medium Risk,55.29,Stayed,Churned
584,48,2,213146.2,1,1,0,75161.25,0,1,0,1,1,0.8127381568691929,High Risk,81.27,Churned,Churned
641,36,1,0.0,2,1,0,102021.39,0,1,0,0,0,0.45808203323491026,Medium Risk,45.81,Stayed,Stayed
602,42,6,158414.85,1,1,1,131886.46,1,0,0,0,1,0.678928968531502,High Risk,67.89,Stayed,Churned
539,39,1,0.0,1,1,1,28184.7,0,0,1,0,0,0.21402452955459447,Low Risk,21.4,Stayed,Stayed
713,32,1,117094.02,1,0,0,149558.83,0,0,0,1,0,0.4869943147591072,Medium Risk,48.7,Churned,Stayed
850,22,7,91560.58,2,0,0,10541.38,1,0,1,0,0,0.2705696524857543,Low Risk,27.06,Stayed,Stayed
642,56,6,103244.86,2,1,0,143049.72,1,0,0,1,1,0.9183016621850353,High Risk,91.83,Churned,Churned
626,33,8,0.0,2,1,0,138504.28,0,0,1,0,0,0.2691970770815023,Low Risk,26.92,Stayed,Stayed
663,46,3,0.0,2,0,1,176276.1,0,0,1,0,0,0.3118154838782138,Low Risk,31.18,Stayed,Stayed
639,27,2,0.0,1,1,1,82938.99,0,1,0,0,0,0.15960110653552714,Low Risk,15.96,Stayed,Stayed
615,41,4,0.0,1,0,1,149278.96,0,1,1,0,0,0.26797246534423813,Low Risk,26.8,Stayed,Stayed
832,61,2,0.0,1,0,1,127804.66,0,0,1,1,1,0.5650479100834828,Medium Risk,56.5,Churned,Churned
587,55,9,0.0,1,1,0,64593.07,0,0,1,0,1,0.6770107986661432,High Risk,67.7,Stayed,Churned
614,44,6,0.0,2,0,1,104930.46,0,0,1,0,0,0.2724634501995923,Low Risk,27.25,Stayed,Stayed
439,66,9,0.0,1,1,0,65535.56,0,0,0,0,1,0.9054468041727409,High Risk,90.54,Stayed,Churned
645,44,10,0.0,2,0,1,166707.22,0,0,1,0,0,0.2725533540477221,Low Risk,27.26,Stayed,Stayed
848,40,5,148495.64,1,0,0,158853.98,1,0,0,0,1,0.7911260979869765,High Risk,79.11,Stayed,Churned
712,34,1,0.0,2,1,1,195052.12,0,0,1,0,0,0.14306925317801064,Low Risk,14.31,Stayed,Stayed
503,38,1,0.0,2,1,1,95153.24,0,0,1,0,0,0.200238562536316,Low Risk,20.02,Stayed,Stayed
655,78,2,0.0,2,0,1,188435.38,0,1,0,0,1,0.906597593109973,High Risk,90.66,Stayed,Churned
720,33,2,0.0,2,0,1,141031.08,0,0,1,0,0,0.13494384894346712,Low Risk,13.49,Stayed,Stayed
538,42,1,98548.62,2,0,1,94047.75,1,0,0,0,1,0.6472986366871641,High Risk,64.73,Stayed,Churned
715,34,4,124314.45,1,0,0,97782.92,0,0,1,0,0,0.3791573192113588,Low Risk,37.92,Stayed,Stayed
779,48,2,115290.27,1,0,0,98912.69,0,0,0,1,1,0.7409875586505448,High Risk,74.1,Churned,Churned
570,34,10,0.0,2,0,1,183387.12,0,1,1,0,0,0.16717039349349677,Low Risk,16.72,Stayed,Stayed
598,48,6,120682.53,1,1,0,30635.52,0,0,1,1,1,0.6287696255629065,High Risk,62.88,Churned,Churned
850,34,2,0.0,2,0,0,51919.04,0,0,0,0,0,0.36694648142033326,Low Risk,36.69,Stayed,Stayed
717,22,6,101060.25,1,0,1,84699.56,0,1,0,0,0,0.14402893196487768,Low Risk,14.4,Stayed,Stayed
611,53,7,0.0,2,0,1,156495.39,0,0,0,1,1,0.57248299394144,Medium Risk,57.25,Churned,Churned
731,29,10,0.0,2,1,1,162452.65,0,0,1,0,0,0.09319030396217654,Low Risk,9.32,Stayed,Stayed
756,67,4,0.0,3,1,1,93081.87,0,0,1,0,1,0.6167165297542045,High Risk,61.67,Stayed,Churned
605,31,1,117992.59,1,1,1,183598.77,1,0,0,0,0,0.46809202373465236,Medium Risk,46.81,Stayed,Stayed
735,28,5,160454.15,2,0,1,114957.22,1,0,1,0,0,0.26564008456216687,Low Risk,26.56,Stayed,Stayed
810,35,3,96814.46,2,1,1,120511.03,1,0,1,0,0,0.31378957862698365,Low Risk,31.38,Stayed,Stayed
727,21,8,153344.72,1,1,1,163295.87,1,0,1,0,0,0.18090885117145086,Low Risk,18.09,Stayed,Stayed
757,71,0,88084.13,2,1,1,154337.47,0,0,0,0,1,0.8524650314226037,High Risk,85.25,Stayed,Churned
741,35,1,0.0,2,1,0,36557.55,0,0,0,0,0,0.3899663714412923,Low Risk,39.0,Stayed,Stayed
657,75,7,126273.95,1,0,1,91673.6,0,1,1,0,1,0.8621518307902757,High Risk,86.22,Stayed,Churned
758,40,5,93499.82,2,0,0,123218.81,0,1,0,0,1,0.5883487418238753,Medium Risk,58.83,Stayed,Churned
714,29,9,0.0,2,1,0,129192.55,0,1,1,0,0,0.20715764438674086,Low Risk,20.72,Stayed,Stayed
550,31,5,142200.19,2,1,1,122221.71,0,0,1,0,0,0.17343913043191378,Low Risk,17.34,Stayed,Stayed
778,29,6,150358.97,1,1,0,62454.01,1,0,0,1,1,0.5989641865019406,Medium Risk,59.9,Churned,Churned
788,49,4,137455.99,1,1,0,184178.29,1,0,0,1,1,0.8807496719557381,High Risk,88.07,Churned,Churned
618,35,10,0.0,2,1,0,180439.75,0,0,0,0,0,0.4333288892466526,Medium Risk,43.33,Stayed,Stayed
462,39,4,140133.08,2,0,0,131304.45,0,0,1,0,1,0.5227008583244142,Medium Risk,52.27,Stayed,Churned
465,33,8,0.0,2,1,0,177668.55,0,0,1,0,0,0.3059782877122292,Low Risk,30.6,Stayed,Stayed
728,42,8,0.0,2,0,1,41823.22,0,1,1,0,0,0.2225991064295477,Low Risk,22.26,Stayed,Stayed
794,57,3,117056.46,1,1,0,93336.93,1,0,1,1,1,0.8727614937807368,High Risk,87.28,Churned,Churned
730,34,1,0.0,2,1,1,126592.01,0,0,1,0,0,0.13393929593714665,Low Risk,13.39,Stayed,Stayed
633,38,2,91902.56,2,1,1,107673.35,0,0,1,0,0,0.22473916361833288,Low Risk,22.47,Stayed,Stayed
850,36,1,104077.19,2,0,1,68594.0,0,0,1,0,0,0.18088830325526087,Low Risk,18.09,Stayed,Stayed
704,47,5,0.0,2,1,1,145338.61,0,0,1,0,0,0.29686435754961005,Low Risk,29.69,Stayed,Stayed
698,27,1,94920.71,1,1,1,40339.9,0,0,0,0,0,0.17755498964702096,Low Risk,17.76,Stayed,Stayed
635,37,9,146748.07,1,0,1,11407.58,1,0,0,0,1,0.5619852494869809,Medium Risk,56.2,Stayed,Churned
674,22,3,0.0,1,1,1,173940.59,0,0,1,0,0,0.06899325318229328,Low Risk,6.9,Stayed,Stayed
573,50,0,159304.07,1,0,1,155915.24,0,1,1,1,1,0.5497922582422142,Medium Risk,54.98,Churned,Churned
799,63,1,110314.21,2,1,0,37464.0,0,0,0,1,1,0.8749300877853113,High Risk,87.49,Churned,Churned
548,46,1,0.0,1,1,1,104469.06,0,0,0,1,0,0.45968951191971236,Medium Risk,45.97,Churned,Stayed
673,37,10,0.0,2,1,1,37411.35,0,0,0,0,0,0.23563147535780307,Low Risk,23.56,Stayed,Stayed
660,28,2,170890.05,2,1,0,41758.9,1,0,1,0,0,0.46280373102133976,Medium Risk,46.28,Stayed,Stayed
558,36,0,126606.63,2,1,1,172363.52,1,0,0,0,1,0.5540722886362175,Medium Risk,55.41,Stayed,Churned
724,32,6,0.0,2,1,1,150026.79,0,0,0,0,0,0.18565823654604455,Low Risk,18.57,Stayed,Stayed
689,29,1,77556.79,2,1,1,122998.26,0,0,0,0,0,0.19031741620997947,Low Risk,19.03,Stayed,Stayed
620,70,3,87926.24,2,1,0,33350.26,0,0,0,1,1,0.928255084338289,High Risk,92.83,Churned,Churned
664,54,8,0.0,1,1,1,162719.69,0,0,1,1,0,0.4506902532035006,Medium Risk,45.07,Churned,Stayed
702,32,8,71667.74,1,1,1,126082.18,0,1,1,0,0,0.15671882382122906,Low Risk,15.67,Stayed,Stayed
750,36,8,112940.07,1,0,1,9855.81,0,1,0,0,0,0.31197792954891235,Low Risk,31.2,Stayed,Stayed
682,32,2,105163.88,2,1,1,164170.46,1,0,1,0,0,0.3042717894469118,Low Risk,30.43,Stayed,Stayed
610,42,6,0.0,2,1,0,158302.59,0,1,1,1,0,0.4469843257940005,Medium Risk,44.7,Churned,Stayed
443,44,2,0.0,1,1,0,159165.7,0,0,1,0,1,0.5401103570347957,Medium Risk,54.01,Stayed,Churned
686,47,5,113328.93,1,1,0,124170.9,0,0,0,0,1,0.7283854736821535,High Risk,72.84,Stayed,Churned
850,28,1,105245.34,1,0,1,74780.13,0,0,0,0,0,0.18772260488341247,Low Risk,18.77,Stayed,Stayed
438,38,2,0.0,2,1,0,136859.55,0,0,1,0,0,0.39874901237513954,Low Risk,39.87,Stayed,Stayed
682,48,7,0.0,2,1,0,65069.03,0,0,0,0,1,0.6415743210520649,High Risk,64.16,Stayed,Churned
568,43,5,87612.64,4,1,1,107155.4,1,0,1,1,0,0.44918016537682354,Medium Risk,44.92,Churned,Stayed
703,45,1,0.0,1,1,0,182784.11,0,1,0,1,1,0.6529478745575804,High Risk,65.29,Churned,Churned
709,23,10,0.0,2,0,0,129590.18,0,1,1,0,0,0.15042290558161275,Low Risk,15.04,Stayed,Stayed
553,38,3,99844.68,1,0,0,187915.7,0,0,1,0,0,0.49364295342167375,Medium Risk,49.36,Stayed,Stayed
791,28,4,0.0,1,1,0,174435.48,0,0,1,0,0,0.20237572144140079,Low Risk,20.24,Stayed,Stayed
416,35,8,0.0,1,0,0,119712.78,0,1,1,0,0,0.3895239623612813,Low Risk,38.95,Stayed,Stayed
614,43,8,140733.74,1,1,1,166588.76,1,0,1,0,1,0.558478807608486,Medium Risk,55.85,Stayed,Churned
716,42,8,0.0,2,1,0,180800.42,0,1,1,0,0,0.42515356679524907,Medium Risk,42.52,Stayed,Stayed
547,44,5,0.0,3,0,0,5459.07,0,1,0,1,1,0.5951778552277048,Medium Risk,59.52,Churned,Churned
846,41,5,0.0,3,1,0,3440.47,0,0,0,1,0,0.4404079242994991,Medium Risk,44.04,Churned,Stayed
631,33,4,123246.7,1,0,0,112687.57,1,0,0,0,1,0.7086411574085908,High Risk,70.86,Stayed,Churned
515,33,2,0.0,2,1,1,136028.97,0,0,1,0,0,0.14842351505644932,Low Risk,14.84,Stayed,Stayed
607,40,5,90594.55,1,0,1,181598.25,1,0,1,0,0,0.49340437089550576,Medium Risk,49.34,Stayed,Stayed
739,19,5,89750.21,1,1,0,193008.52,0,1,1,0,0,0.15553635446311545,Low Risk,15.55,Stayed,Stayed
680,36,7,0.0,2,1,0,20109.21,0,1,1,0,0,0.2970659970230813,Low Risk,29.71,Stayed,Stayed
747,37,9,135776.36,3,1,0,85470.45,1,0,1,1,1,0.5628589601926728,Medium Risk,56.29,Churned,Churned
850,42,8,119839.69,1,0,1,51016.02,1,0,1,1,0,0.46375819060069146,Medium Risk,46.38,Churned,Stayed
640,62,3,0.0,1,1,1,101663.47,0,1,1,0,1,0.614737672375894,High Risk,61.47,Stayed,Churned
563,34,6,139810.34,1,1,1,152417.79,0,0,0,0,0,0.3351192024918405,Low Risk,33.51,Stayed,Stayed
731,33,5,137388.01,2,1,0,165000.68,0,1,0,0,0,0.48482542410418294,Medium Risk,48.48,Stayed,Stayed
497,32,8,0.0,2,1,0,67364.42,0,0,1,0,0,0.26479462364675593,Low Risk,26.48,Stayed,Stayed
674,36,2,154525.7,1,0,1,27468.72,0,0,1,0,0,0.2399862596658999,Low Risk,24.0,Stayed,Stayed
634,37,3,111432.77,2,1,1,167032.49,1,0,1,0,0,0.4039239737100993,Medium Risk,40.39,Stayed,Stayed
516,47,9,128298.74,1,0,0,149614.17,1,0,0,1,1,0.8882813873238508,High Risk,88.83,Churned,Churned
689,39,7,0.0,2,0,0,14917.09,0,0,1,0,0,0.3472307084192317,Low Risk,34.72,Stayed,Stayed
750,33,2,152302.72,1,1,0,71333.44,0,0,1,0,0,0.35393501188504317,Low Risk,35.39,Stayed,Stayed
